id,first_name,last_name,email,phone,address,date_of_birth,status,gender,job,created_at
1,Yassine,Bouhassoun,yassine.bouhassoun@gmail.com,+212782572811,"758, Rue 95, Al Fida, Casablanca, Maroc",1973-06-27,True,M,Enseignant,2025-02-10 19:46:53
2,Yassine,El Hassani,yassine.elhassani@gmail.com,+212651623659,"105, Rue 59, Médina, Tanger, Maroc",1959-08-11,True,M,Architecte,2025-02-10 19:46:53
3,Yassine,Benslimane,yassine.benslimane@outlook.com,+212717956777,"225, Rue 76, Targa, Marrakech, Maroc",1968-04-04,True,M,Chef d'Entreprise,2025-02-10 19:46:53
4,Driss,Benali,driss.benali@gmail.com,+212763806313,"794, Rue 98, Hivernage, Marrakech, Maroc",1960-06-14,True,M,Pharmacien,2025-02-10 19:46:53
5,Ilyas,Alaoui,ilyas.alaoui@hotmail.com,+212633269047,"910, Rue 45, Marchane, Tanger, Maroc",2000-04-25,True,M,Entrepreneur,2025-02-10 19:46:53
6,Adam,Benhaddou,adam.benhaddou@yahoo.fr,+212639725150,"877, Rue 13, Al Fida, Casablanca, Maroc",1995-08-03,True,M,Banquier,2025-02-10 19:46:53
7,Fatima,El Mokri,fatima.elmokri@yahoo.fr,+212791459615,"413, Rue 6, Taddart, Agadir, Maroc",1977-02-16,True,F,Responsable RH,2025-02-10 19:46:53
8,Abderrahim,Sabri,abderrahim.sabri@hotmail.com,+212645897825,"123, Rue 25, Route Ain Chkef, Fes, Maroc",1967-11-30,True,M,Directeur Commercial,2025-02-10 19:46:53
9,Ahmed,Belghiti,ahmed.belghiti@yahoo.fr,+212679139294,"511, Rue 77, Centre Ville, Agadir, Maroc",1978-10-26,True,M,Pharmacien,2025-02-10 19:46:53
10,Samia,El Harrak,samia.elharrak@yahoo.fr,+212629879726,"20, Rue 70, Malabata, Tanger, Maroc",1971-02-22,True,F,Médecin,2025-02-10 19:46:53
11,Redouane,Tahiri,redouane.tahiri@yahoo.fr,+212734230914,"817, Rue 14, Saiss, Fes, Maroc",1988-06-03,True,M,Banquier,2025-02-10 19:46:53
12,Ghita,Bennis,ghita.bennis@gmail.com,+212691471542,"232, Rue 59, Founty, Agadir, Maroc",1982-01-16,True,F,Développeur,2025-02-10 19:46:53
13,Malik,El Fathi,malik.elfathi@yahoo.fr,+212656712154,"826, Rue 77, Aviation, Rabat, Maroc",1981-01-10,True,M,Professeur,2025-02-10 19:46:53
14,Abdelhadi,El Othmani,abdelhadi.elothmani@gmail.com,+212628185783,"439, Rue 88, Zouagha, Fes, Maroc",1967-09-04,True,M,Pharmacien,2025-02-10 19:46:53
15,Ibtissam,Idrissi,ibtissam.idrissi@gmail.com,+212666120708,"374, Rue 23, Targa, Marrakech, Maroc",1963-05-21,True,F,Gestionnaire,2025-02-10 19:46:53
16,Redouane,El Malki,redouane.elmalki@outlook.com,+212741657360,"45, Rue 97, Bourgogne, Casablanca, Maroc",1958-03-20,True,M,Médecin,2025-02-10 19:46:53
17,Rachida,El Amiri,rachida.elamiri@outlook.com,+212744614649,"630, Rue 69, Iberia, Tanger, Maroc",1992-08-05,True,F,Avocat,2025-02-10 19:46:53
18,Abdellah,Bouzoubaa,abdellah.bouzoubaa@gmail.com,+212664135178,"271, Rue 96, Palmeraie, Marrakech, Maroc",1961-07-01,True,M,Comptable,2025-02-10 19:46:53
19,Omar,El Idrissi,omar.elidrissi@hotmail.com,+212664108399,"241, Rue 79, Hay Riad, Rabat, Maroc",1974-01-27,True,M,Entrepreneur,2025-02-10 19:46:53
20,Latifa,Benkirane,latifa.benkirane@outlook.com,+212688377609,"234, Rue 7, Route Ain Chkef, Fes, Maroc",1956-06-30,True,F,Entrepreneur,2025-02-10 19:46:53
21,Hicham,Bennani,hicham.bennani@gmail.com,+212663911595,"663, Rue 34, Guéliz, Marrakech, Maroc",1998-01-10,True,M,Chef d'Entreprise,2025-02-10 19:46:53
22,Zineb,El Kadiri,zineb.elkadiri@outlook.com,+212727141063,"645, Rue 85, Taddart, Agadir, Maroc",1964-12-23,True,F,Gestionnaire,2025-02-10 19:46:53
23,Chaima,Benali,chaima.benali@yahoo.fr,+212755918887,"594, Rue 5, Diour Jamaa, Rabat, Maroc",1975-04-12,True,F,Gestionnaire,2025-02-10 19:46:53
24,Ghita,Benmoussa,ghita.benmoussa@outlook.com,+212693317318,"757, Rue 52, Targa, Marrakech, Maroc",1997-03-24,True,F,Responsable RH,2025-02-10 19:46:53
25,Samira,Bennasser,samira.bennasser@yahoo.fr,+212644251835,"248, Rue 18, Sidi Belyout, Casablanca, Maroc",1961-02-27,True,F,Développeur,2025-02-10 19:46:53
26,Saida,Cherkaoui,saida.cherkaoui@gmail.com,+212664871432,"820, Rue 20, Dakhla, Agadir, Maroc",1987-08-15,True,F,Entrepreneur,2025-02-10 19:46:53
27,Kawtar,Chaoui,kawtar.chaoui@outlook.com,+212645708972,"69, Rue 51, Les Orangers, Rabat, Maroc",1965-07-17,True,F,Entrepreneur,2025-02-10 19:46:53
28,Hafsa,El Harrak,hafsa.elharrak@hotmail.com,+212749275963,"585, Rue 61, Hay Hassani, Casablanca, Maroc",1963-12-15,True,F,Architecte,2025-02-10 19:46:53
29,Khadija,Cherkaoui,khadija.cherkaoui@hotmail.com,+212756434361,"838, Rue 63, Targa, Marrakech, Maroc",1967-12-31,True,F,Entrepreneur,2025-02-10 19:46:53
30,Samira,Benzakour,samira.benzakour@outlook.com,+212635059926,"434, Rue 19, Médina, Tanger, Maroc",1959-03-20,True,F,Professeur,2025-02-10 19:46:53
31,Salim,El Ghazi,salim.elghazi@yahoo.fr,+212749622910,"862, Rue 72, Malabata, Tanger, Maroc",1961-03-26,True,M,Professeur,2025-02-10 19:46:53
32,Ihsane,El Mokri,ihsane.elmokri@gmail.com,+212725081172,"489, Rue 94, Diour Jamaa, Rabat, Maroc",1965-09-27,True,F,Pharmacien,2025-02-10 19:46:53
33,Noura,Cherkaoui,noura.cherkaoui@gmail.com,+212686292273,"675, Rue 94, Médina, Fes, Maroc",1981-04-13,True,F,Commercial,2025-02-10 19:46:53
34,Noura,Lazrak,noura.lazrak@hotmail.com,+212716950963,"251, Rue 1, Les Orangers, Rabat, Maroc",1962-06-12,True,F,Avocat,2025-02-10 19:46:53
35,Dalal,El Malki,dalal.elmalki@yahoo.fr,+212614295502,"513, Rue 51, Hassan, Rabat, Maroc",1960-08-27,True,F,Responsable RH,2025-02-10 19:46:53
36,Maha,Bekkali,maha.bekkali@gmail.com,+212778102728,"475, Rue 95, Al Fida, Casablanca, Maroc",1984-02-20,True,F,Analyste Financier,2025-02-10 19:46:53
37,Ali,Bekkali,ali.bekkali@gmail.com,+212610844310,"483, Rue 99, Malabata, Tanger, Maroc",1974-10-14,True,M,Dentiste,2025-02-10 19:46:53
38,Ihsane,El Kabbaj,ihsane.elkabbaj@gmail.com,+212730722483,"301, Rue 42, Médina, Fes, Maroc",1993-12-04,True,F,Directeur Commercial,2025-02-10 19:46:53
39,Mohame-Amine,El Kabbaj,mohame-amine.elkabbaj@hotmail.com,+212780844278,"804, Rue 56, Marchane, Tanger, Maroc",1962-02-11,True,M,Entrepreneur,2025-02-10 19:46:53
40,Ismail,Benhaddou,ismail.benhaddou@yahoo.fr,+212771380900,"691, Rue 8, Médina, Rabat, Maroc",1983-08-20,True,M,Dentiste,2025-02-10 19:46:53
41,Malika,El Filali,malika.elfilali@outlook.com,+212663305029,"760, Rue 45, Guéliz, Marrakech, Maroc",1955-05-21,True,F,Banquier,2025-02-10 19:46:53
42,Ibrahim,El Hamdi,ibrahim.elhamdi@gmail.com,+212615103305,"992, Rue 59, Route Ain Chkef, Fes, Maroc",1965-04-08,True,M,Pharmacien,2025-02-10 19:46:53
43,Hayat,El Khattabi,hayat.elkhattabi@yahoo.fr,+212624381661,"767, Rue 65, Agdal, Rabat, Maroc",1958-11-05,True,F,Architecte,2025-02-10 19:46:53
44,Jihane,Fassi,jihane.fassi@outlook.com,+212648119146,"369, Rue 9, Diour Jamaa, Rabat, Maroc",1985-10-09,True,F,Chef d'Entreprise,2025-02-10 19:46:53
45,Hajar,El Guerrouj,hajar.elguerrouj@hotmail.com,+212670087141,"131, Rue 4, Narjiss, Fes, Maroc",1962-06-11,True,F,Dentiste,2025-02-10 19:46:53
46,Ikram,Raji,ikram.raji@yahoo.fr,+212677945512,"580, Rue 31, Guéliz, Marrakech, Maroc",1989-09-09,True,F,Pharmacien,2025-02-10 19:46:53
47,Asma,Bouhassoun,asma.bouhassoun@yahoo.fr,+212740753323,"959, Rue 27, Zouagha, Fes, Maroc",1958-03-13,True,F,Avocat,2025-02-10 19:46:53
48,Saida,Bahri,saida.bahri@yahoo.fr,+212776409013,"607, Rue 80, Val Fleuri, Tanger, Maroc",1996-12-08,True,F,Médecin,2025-02-10 19:46:53
49,Amina,El Moudden,amina.elmoudden@yahoo.fr,+212645940776,"963, Rue 59, Bourgogne, Casablanca, Maroc",1991-01-11,True,F,Entrepreneur,2025-02-10 19:46:53
50,Adil,El Azzouzi,adil.elazzouzi@outlook.com,+212761552916,"207, Rue 27, Founty, Agadir, Maroc",1978-07-15,True,M,Développeur,2025-02-10 19:46:53
51,Omar,Berrada,omar.berrada@outlook.com,+212789554223,"794, Rue 24, Sidi Bernoussi, Casablanca, Maroc",1971-06-22,True,M,Directeur Commercial,2025-02-10 19:46:53
52,Chaima,El Hamdi,chaima.elhamdi@yahoo.fr,+212621862171,"829, Rue 59, Médina, Fes, Maroc",1960-12-25,True,F,Gestionnaire,2025-02-10 19:46:53
53,Oussama,El Fassi,oussama.elfassi@outlook.com,+212710364436,"528, Rue 37, Al Fida, Casablanca, Maroc",1977-08-27,True,M,Responsable RH,2025-02-10 19:46:53
54,Mohsin,El Ghazi,mohsin.elghazi@outlook.com,+212745327590,"945, Rue 52, Targa, Marrakech, Maroc",1956-10-28,True,M,Responsable RH,2025-02-10 19:46:53
55,Elias,Benslimane,elias.benslimane@outlook.com,+212764185582,"652, Rue 90, Marchane, Tanger, Maroc",1962-11-05,True,M,Chef de Projet,2025-02-10 19:46:53
56,Khalid,El Moudden,khalid.elmoudden@outlook.com,+212670863608,"146, Rue 74, Bourgogne, Casablanca, Maroc",1964-11-05,True,M,Commercial,2025-02-10 19:46:53
57,Salma,El Fassi,salma.elfassi@outlook.com,+212766460976,"245, Rue 81, Atlas, Fes, Maroc",1984-01-17,True,F,Développeur,2025-02-10 19:46:53
58,Hayat,Belhaj,hayat.belhaj@gmail.com,+212771994117,"814, Rue 3, Centre Ville, Agadir, Maroc",1972-02-05,True,F,Gestionnaire,2025-02-10 19:46:53
59,Zahra,Bahri,zahra.bahri@outlook.com,+212682112294,"133, Rue 43, Hivernage, Marrakech, Maroc",1978-05-12,True,F,Ingénieur,2025-02-10 19:46:53
60,Amina,Benmoussa,amina.benmoussa@gmail.com,+212639099923,"680, Rue 55, Ville Nouvelle, Fes, Maroc",1963-07-17,True,F,Banquier,2025-02-10 19:46:53
61,Jawad,Benchekroun,jawad.benchekroun@outlook.com,+212750685737,"187, Rue 5, Anfa, Casablanca, Maroc",1963-07-30,True,M,Designer,2025-02-10 19:46:53
62,Abdellah,Benmoussa,abdellah.benmoussa@yahoo.fr,+212658642244,"525, Rue 7, Aviation, Rabat, Maroc",2002-05-26,True,M,Avocat,2025-02-10 19:46:53
63,Ibrahim,El Malki,ibrahim.elmalki@gmail.com,+212674228616,"966, Rue 97, Targa, Marrakech, Maroc",1974-11-03,True,M,Designer,2025-02-10 19:46:53
64,Maha,El Azzouzi,maha.elazzouzi@yahoo.fr,+212723418021,"509, Rue 45, Agdal, Rabat, Maroc",1987-05-07,True,F,Dentiste,2025-02-10 19:46:53
65,Mohamed,El Harrak,mohamed.elharrak@hotmail.com,+212794446570,"32, Rue 23, Hassan, Rabat, Maroc",1993-11-15,True,M,Banquier,2025-02-10 19:46:53
66,Khalid,El Omari,khalid.elomari@outlook.com,+212672343239,"452, Rue 71, Ville Nouvelle, Fes, Maroc",1965-11-27,True,M,Pharmacien,2025-02-10 19:46:53
67,Driss,El Fassi,driss.elfassi@yahoo.fr,+212778347372,"136, Rue 6, Ville Nouvelle, Fes, Maroc",1961-09-22,True,M,Gestionnaire,2025-02-10 19:46:53
68,Maha,Bennis,maha.bennis@yahoo.fr,+212681449323,"503, Rue 26, Talborjt, Agadir, Maroc",1959-10-06,True,F,Consultant,2025-02-10 19:46:53
69,Youssef,El Kabbaj,youssef.elkabbaj@gmail.com,+212673585067,"641, Rue 35, Hivernage, Marrakech, Maroc",1968-07-04,True,M,Chef d'Entreprise,2025-02-10 19:46:53
70,Soufiane,Belghiti,soufiane.belghiti@hotmail.com,+212692388642,"390, Rue 15, California, Tanger, Maroc",1993-11-27,True,M,Avocat,2025-02-10 19:46:53
71,Mohame-Amine,El Amrani,mohame-amine.elamrani@hotmail.com,+212792776423,"843, Rue 43, Talborjt, Agadir, Maroc",1967-03-11,True,M,Enseignant,2025-02-10 19:46:53
72,Soukaina,Raji,soukaina.raji@gmail.com,+212688128963,"188, Rue 76, Médina, Fes, Maroc",1993-08-10,True,F,Consultant,2025-02-10 19:46:53
73,Hicham,Benchekroun,hicham.benchekroun@outlook.com,+212651783260,"762, Rue 62, Founty, Agadir, Maroc",1999-12-11,True,M,Technicien,2025-02-10 19:46:53
74,Kawtar,El Rhazi,kawtar.elrhazi@yahoo.fr,+212746055054,"379, Rue 48, Hay Riad, Rabat, Maroc",2000-01-07,True,F,Directeur Commercial,2025-02-10 19:46:53
75,Dounia,El Badaoui,dounia.elbadaoui@gmail.com,+212686632224,"409, Rue 16, Talborjt, Agadir, Maroc",2003-02-07,True,F,Développeur,2025-02-10 19:46:53
76,Fatiha,Chaoui,fatiha.chaoui@gmail.com,+212650157352,"981, Rue 91, Al Fida, Casablanca, Maroc",1971-09-25,True,F,Analyste Financier,2025-02-10 19:46:53
77,Nabil,Benjelloun,nabil.benjelloun@yahoo.fr,+212610341205,"224, Rue 3, Val Fleuri, Tanger, Maroc",1963-09-18,True,M,Entrepreneur,2025-02-10 19:46:53
78,Maria,El Hamdaoui,maria.elhamdaoui@hotmail.com,+212669539955,"606, Rue 98, Yacoub El Mansour, Rabat, Maroc",1968-03-29,True,F,Responsable RH,2025-02-10 19:46:53
79,Mohame-Amine,El Malki,mohame-amine.elmalki@outlook.com,+212610033339,"52, Rue 13, Ville Nouvelle, Fes, Maroc",1995-07-25,True,M,Dentiste,2025-02-10 19:46:53
80,Rania,El Kabbaj,rania.elkabbaj@yahoo.fr,+212684357188,"821, Rue 63, Route Ain Chkef, Fes, Maroc",1976-11-23,True,F,Professeur,2025-02-10 19:46:53
81,Samira,El Amiri,samira.elamiri@gmail.com,+212782830631,"669, Rue 39, Hivernage, Marrakech, Maroc",1962-04-20,True,F,Technicien,2025-02-10 19:46:53
82,Mohamed,Benali,mohamed.benali@outlook.com,+212641109160,"801, Rue 36, Targa, Marrakech, Maroc",1967-04-18,True,M,Ingénieur,2025-02-10 19:46:53
83,Hafsa,El Alami,hafsa.elalami@gmail.com,+212610367390,"728, Rue 61, Talborjt, Agadir, Maroc",1990-04-04,True,F,Consultant,2025-02-10 19:46:53
84,Ayoub,Chraibi,ayoub.chraibi@gmail.com,+212764408025,"939, Rue 73, Talborjt, Agadir, Maroc",2002-11-13,True,M,Pharmacien,2025-02-10 19:46:53
85,Hamza,Benhaddou,hamza.benhaddou@outlook.com,+212625959968,"212, Rue 80, Centre Ville, Agadir, Maroc",1962-11-19,True,M,Médecin,2025-02-10 19:46:53
86,Yahya,Cherkaoui,yahya.cherkaoui@gmail.com,+212797177147,"958, Rue 34, Hassan, Rabat, Maroc",1976-11-15,True,M,Professeur,2025-02-10 19:46:53
87,Abdellah,Chraibi,abdellah.chraibi@outlook.com,+212641320011,"830, Rue 6, Hivernage, Marrakech, Maroc",1979-10-05,True,M,Avocat,2025-02-10 19:46:53
88,Jihane,El Fassi,jihane.elfassi@outlook.com,+212738978001,"802, Rue 80, Médina, Tanger, Maroc",1997-02-08,True,F,Consultant,2025-02-10 19:46:53
89,Rachid,El Amrani,rachid.elamrani@yahoo.fr,+212728592562,"665, Rue 17, Diour Jamaa, Rabat, Maroc",1983-06-01,True,M,Comptable,2025-02-10 19:46:53
90,Mounir,Bekkali,mounir.bekkali@outlook.com,+212642433377,"224, Rue 87, Akkari, Rabat, Maroc",1968-05-10,True,M,Ingénieur,2025-02-10 19:46:53
91,Youssef,Tazi,youssef.tazi@hotmail.com,+212683164282,"288, Rue 65, Yacoub El Mansour, Rabat, Maroc",1966-11-03,True,M,Développeur,2025-02-10 19:46:53
92,Mohamed,El Malki,mohamed.elmalki@outlook.com,+212795373045,"974, Rue 100, Ben M'Sick, Casablanca, Maroc",1961-05-04,True,M,Gestionnaire,2025-02-10 19:46:53
93,Latifa,El Azzouzi,latifa.elazzouzi@outlook.com,+212765737042,"893, Rue 23, Médina, Rabat, Maroc",1984-01-20,True,F,Journaliste,2025-02-10 19:46:53
94,Ihsane,Benzakour,ihsane.benzakour@yahoo.fr,+212753037389,"124, Rue 46, Diour Jamaa, Rabat, Maroc",1970-03-13,True,F,Dentiste,2025-02-10 19:46:53
95,Salim,El Hamdaoui,salim.elhamdaoui@gmail.com,+212695160343,"540, Rue 75, Taddart, Agadir, Maroc",1966-07-06,True,M,Directeur Commercial,2025-02-10 19:46:53
96,Oussama,El Khattabi,oussama.elkhattabi@gmail.com,+212793541815,"227, Rue 59, Sidi Belyout, Casablanca, Maroc",1986-06-07,True,M,Enseignant,2025-02-10 19:46:53
97,Khadija,Benslimane,khadija.benslimane@yahoo.fr,+212641427350,"187, Rue 63, Founty, Agadir, Maroc",1999-03-14,True,F,Médecin,2025-02-10 19:46:53
98,Yahya,Bahri,yahya.bahri@outlook.com,+212754345703,"546, Rue 66, Marchane, Tanger, Maroc",1962-10-22,True,M,Médecin,2025-02-10 19:46:53
99,Samia,El Badaoui,samia.elbadaoui@outlook.com,+212738515140,"114, Rue 68, Maarif, Casablanca, Maroc",1994-04-14,True,F,Pharmacien,2025-02-10 19:46:53
100,Amine,Benkirane,amine.benkirane@hotmail.com,+212744663115,"808, Rue 74, Sidi Bernoussi, Casablanca, Maroc",1961-02-02,True,M,Journaliste,2025-02-10 19:46:53
101,Oumaima,El Moussaoui,oumaima.elmoussaoui@hotmail.com,+212723730523,"88, Rue 55, Ain Sebaa, Casablanca, Maroc",1959-05-20,True,F,Entrepreneur,2025-02-10 19:46:53
102,Abdelaziz,El Othmani,abdelaziz.elothmani@yahoo.fr,+212617565134,"68, Rue 66, Maarif, Casablanca, Maroc",1998-04-23,True,M,Responsable RH,2025-02-10 19:46:53
103,Abdellah,El Amrani,abdellah.elamrani@hotmail.com,+212740226742,"378, Rue 50, Médina, Tanger, Maroc",1997-01-21,True,M,Comptable,2025-02-10 19:46:53
104,Youssef,El Moussaoui,youssef.elmoussaoui@gmail.com,+212756831376,"614, Rue 6, Founty, Agadir, Maroc",1957-03-28,True,M,Dentiste,2025-02-10 19:46:53
105,Ibtissam,El Mokri,ibtissam.elmokri@hotmail.com,+212634192508,"965, Rue 64, Centre Ville, Agadir, Maroc",1961-02-04,True,F,Professeur,2025-02-10 19:46:53
106,Aisha,Idrissi,aisha.idrissi@gmail.com,+212727207040,"366, Rue 24, Palmeraie, Marrakech, Maroc",1992-09-20,True,F,Designer,2025-02-10 19:46:53
107,Hassan,Ziani,hassan.ziani@hotmail.com,+212658812931,"64, Rue 92, California, Tanger, Maroc",1984-03-28,True,M,Entrepreneur,2025-02-10 19:46:53
108,Mohame-Amine,El Othmani,mohame-amine.elothmani@outlook.com,+212651458532,"179, Rue 69, Saiss, Fes, Maroc",1978-07-14,True,M,Analyste Financier,2025-02-10 19:46:53
109,Abdelhak,Bahri,abdelhak.bahri@outlook.com,+212799966119,"720, Rue 17, Hivernage, Marrakech, Maroc",1988-01-25,True,M,Enseignant,2025-02-10 19:46:53
110,Meryem,Belghiti,meryem.belghiti@gmail.com,+212689842778,"364, Rue 69, Malabata, Tanger, Maroc",1980-11-21,True,F,Enseignant,2025-02-10 19:46:53
111,Houda,Benali,houda.benali@hotmail.com,+212763389725,"254, Rue 43, Agdal, Fes, Maroc",1976-08-19,True,F,Technicien,2025-02-10 19:46:53
112,Hasna,El Kadiri,hasna.elkadiri@outlook.com,+212712707607,"182, Rue 12, Dakhla, Agadir, Maroc",1978-03-22,True,F,Dentiste,2025-02-10 19:46:53
113,Zineb,Bennis,zineb.bennis@hotmail.com,+212751934776,"628, Rue 34, Iberia, Tanger, Maroc",1987-01-06,True,F,Chef de Projet,2025-02-10 19:46:53
114,Mohsin,Alaoui,mohsin.alaoui@outlook.com,+212627875462,"628, Rue 99, Guéliz, Marrakech, Maroc",1991-12-31,True,M,Entrepreneur,2025-02-10 19:46:53
115,Safae,Tazi,safae.tazi@hotmail.com,+212625149025,"415, Rue 50, Médina, Rabat, Maroc",1964-11-04,True,F,Dentiste,2025-02-10 19:46:53
116,Latifa,El Hassani,latifa.elhassani@outlook.com,+212671215672,"178, Rue 99, Iberia, Tanger, Maroc",2005-09-13,True,F,Designer,2025-02-10 19:46:53
117,Abdelali,El Azzouzi,abdelali.elazzouzi@yahoo.fr,+212792225220,"940, Rue 32, Ville Nouvelle, Fes, Maroc",1969-10-08,True,M,Professeur,2025-02-10 19:46:53
118,Yasmine,Boukricha,yasmine.boukricha@hotmail.com,+212741470746,"440, Rue 48, Les Orangers, Rabat, Maroc",1972-10-31,True,F,Technicien,2025-02-10 19:46:53
119,Ismail,Bekkali,ismail.bekkali@outlook.com,+212645060825,"421, Rue 5, Talborjt, Agadir, Maroc",1977-05-23,True,M,Technicien,2025-02-10 19:46:53
120,Bilal,Cherkaoui,bilal.cherkaoui@yahoo.fr,+212697596640,"797, Rue 29, Médina, Marrakech, Maroc",2002-12-09,True,M,Chef d'Entreprise,2025-02-10 19:46:53
121,Hind,Cherkaoui,hind.cherkaoui@outlook.com,+212642820954,"111, Rue 63, Ain Diab, Casablanca, Maroc",1999-02-28,True,F,Consultant,2025-02-10 19:46:53
122,Yahya,Bouhassoun,yahya.bouhassoun@hotmail.com,+212721203232,"696, Rue 32, Bensouda, Fes, Maroc",1987-04-10,True,M,Banquier,2025-02-10 19:46:53
123,Nora,Cherkaoui,nora.cherkaoui@hotmail.com,+212753987960,"344, Rue 29, Yacoub El Mansour, Rabat, Maroc",1998-04-12,True,F,Ingénieur,2025-02-10 19:46:53
124,Farah,Berrada,farah.berrada@hotmail.com,+212641232418,"587, Rue 34, Al Fida, Casablanca, Maroc",1996-08-19,True,F,Designer,2025-02-10 19:46:53
125,Dounia,El Kabbaj,dounia.elkabbaj@hotmail.com,+212659422159,"554, Rue 28, Hay Hassani, Casablanca, Maroc",1997-10-03,True,F,Professeur,2025-02-10 19:46:53
126,Lamia,El Rhazi,lamia.elrhazi@yahoo.fr,+212756862641,"819, Rue 20, Marchane, Tanger, Maroc",2000-04-23,True,F,Avocat,2025-02-10 19:46:53
127,Abdelhak,Benjelloun,abdelhak.benjelloun@gmail.com,+212622194867,"552, Rue 61, Atlas, Fes, Maroc",1959-05-15,True,M,Banquier,2025-02-10 19:46:53
128,Tarik,Lamrani,tarik.lamrani@hotmail.com,+212744465744,"735, Rue 97, Sidi Belyout, Casablanca, Maroc",1956-12-21,True,M,Gestionnaire,2025-02-10 19:46:53
129,Abderrahim,El Alami,abderrahim.elalami@outlook.com,+212714881127,"589, Rue 47, Guéliz, Marrakech, Maroc",1962-01-04,True,M,Directeur Commercial,2025-02-10 19:46:53
130,Abdelkader,El Amiri,abdelkader.elamiri@outlook.com,+212711495562,"894, Rue 69, Youssoufia, Rabat, Maroc",2004-02-18,True,M,Médecin,2025-02-10 19:46:53
131,Noura,Benmoussa,noura.benmoussa@yahoo.fr,+212741431977,"625, Rue 65, Val Fleuri, Tanger, Maroc",2001-10-31,True,F,Enseignant,2025-02-10 19:46:53
132,Zineb,Ghazali,zineb.ghazali@outlook.com,+212720503669,"40, Rue 62, Malabata, Tanger, Maroc",2000-05-05,True,F,Ingénieur,2025-02-10 19:46:53
133,Zahra,El Hamdaoui,zahra.elhamdaoui@hotmail.com,+212749256783,"548, Rue 5, Médina, Rabat, Maroc",1996-11-27,True,F,Ingénieur,2025-02-10 19:46:53
134,Farah,El Badaoui,farah.elbadaoui@gmail.com,+212771847313,"377, Rue 72, Route Ain Chkef, Fes, Maroc",1996-10-07,True,F,Ingénieur,2025-02-10 19:46:53
135,Mohsin,El Idrissi,mohsin.elidrissi@hotmail.com,+212623875281,"103, Rue 100, Ben M'Sick, Casablanca, Maroc",1996-10-10,True,M,Ingénieur,2025-02-10 19:46:53
136,Rachid,El Azzouzi,rachid.elazzouzi@gmail.com,+212774022954,"519, Rue 68, Youssoufia, Rabat, Maroc",1990-11-27,True,M,Dentiste,2025-02-10 19:46:53
137,Zouhair,Sabri,zouhair.sabri@outlook.com,+212757493333,"619, Rue 2, Sidi Bernoussi, Casablanca, Maroc",1999-03-18,True,M,Directeur Commercial,2025-02-10 19:46:53
138,Hayat,Berrada,hayat.berrada@outlook.com,+212715815626,"555, Rue 29, Val Fleuri, Tanger, Maroc",1995-10-13,True,F,Technicien,2025-02-10 19:46:53
139,Tarik,El Harrak,tarik.elharrak@outlook.com,+212631010774,"90, Rue 45, Dakhla, Agadir, Maroc",1990-05-13,True,M,Dentiste,2025-02-10 19:46:53
140,Khalid,El Jabri,khalid.eljabri@hotmail.com,+212610865590,"144, Rue 7, Malabata, Tanger, Maroc",1959-06-07,True,M,Ingénieur,2025-02-10 19:46:53
141,Rachid,Lahlou,rachid.lahlou@yahoo.fr,+212617512861,"913, Rue 99, Hivernage, Marrakech, Maroc",1998-10-10,True,M,Designer,2025-02-10 19:46:53
142,Aziz,Ziani,aziz.ziani@gmail.com,+212796933815,"507, Rue 96, Iberia, Tanger, Maroc",1963-06-29,True,M,Chef d'Entreprise,2025-02-10 19:46:53
143,Abderrahim,El Mansouri,abderrahim.elmansouri@gmail.com,+212678421414,"948, Rue 26, Médina, Tanger, Maroc",1978-04-30,True,M,Comptable,2025-02-10 19:46:53
144,Ikram,Bouhassoun,ikram.bouhassoun@yahoo.fr,+212683389550,"418, Rue 30, Malabata, Tanger, Maroc",1974-12-02,True,F,Banquier,2025-02-10 19:46:53
145,Salim,El Badaoui,salim.elbadaoui@outlook.com,+212662096068,"95, Rue 3, Hay Riad, Rabat, Maroc",1966-10-27,True,M,Architecte,2025-02-10 19:46:53
146,Kawtar,Raji,kawtar.raji@yahoo.fr,+212755784440,"472, Rue 73, Al Fida, Casablanca, Maroc",1966-12-08,True,F,Gestionnaire,2025-02-10 19:46:53
147,Ibrahim,Lahlou,ibrahim.lahlou@gmail.com,+212624620318,"785, Rue 90, Hassan, Rabat, Maroc",1988-05-16,True,M,Chef d'Entreprise,2025-02-10 19:46:53
148,Jawad,El Filali,jawad.elfilali@gmail.com,+212773162196,"595, Rue 82, Charaf, Agadir, Maroc",1982-02-13,True,M,Comptable,2025-02-10 19:46:53
149,Kawtar,Bennis,kawtar.bennis@gmail.com,+212787233263,"330, Rue 38, Akkari, Rabat, Maroc",1970-06-25,True,F,Journaliste,2025-02-10 19:46:53
150,Hiba,Benmoussa,hiba.benmoussa@gmail.com,+212759264791,"665, Rue 71, Atlas, Fes, Maroc",1998-03-14,True,F,Gestionnaire,2025-02-10 19:46:53
151,Amal,El Jabri,amal.eljabri@outlook.com,+212755448425,"502, Rue 58, California, Tanger, Maroc",1965-10-19,True,F,Journaliste,2025-02-10 19:46:53
152,Hajar,Benslimane,hajar.benslimane@outlook.com,+212740419401,"476, Rue 38, Akkari, Rabat, Maroc",1964-01-31,True,F,Ingénieur,2025-02-10 19:46:53
153,Fatiha,Belghiti,fatiha.belghiti@gmail.com,+212612502970,"557, Rue 26, Ben M'Sick, Casablanca, Maroc",1958-06-03,True,F,Médecin,2025-02-10 19:46:53
154,Rachid,Bahri,rachid.bahri@outlook.com,+212795218503,"934, Rue 3, Yacoub El Mansour, Rabat, Maroc",1982-08-28,True,M,Chef de Projet,2025-02-10 19:46:53
155,Amina,Benchekroun,amina.benchekroun@outlook.com,+212756142319,"997, Rue 10, Val Fleuri, Tanger, Maroc",1960-01-14,True,F,Chef d'Entreprise,2025-02-10 19:46:53
156,Mostafa,El Harrak,mostafa.elharrak@gmail.com,+212730286651,"855, Rue 74, California, Tanger, Maroc",1965-04-12,True,M,Analyste Financier,2025-02-10 19:46:53
157,Driss,Bennani,driss.bennani@hotmail.com,+212617165891,"399, Rue 65, Malabata, Tanger, Maroc",1984-12-16,True,M,Commercial,2025-02-10 19:46:53
158,Malika,El Harrak,malika.elharrak@outlook.com,+212777825874,"902, Rue 62, Centre Ville, Agadir, Maroc",1968-09-07,True,F,Consultant,2025-02-10 19:46:53
159,Asma,Alaoui,asma.alaoui@gmail.com,+212661485742,"209, Rue 76, Ben M'Sick, Casablanca, Maroc",1994-06-16,True,F,Développeur,2025-02-10 19:46:53
160,Malik,Ghazali,malik.ghazali@outlook.com,+212715335205,"724, Rue 10, Agdal, Rabat, Maroc",1958-12-19,True,M,Consultant,2025-02-10 19:46:53
161,Hayat,El Amiri,hayat.elamiri@gmail.com,+212634058632,"63, Rue 87, Taddart, Agadir, Maroc",1955-03-07,True,F,Pharmacien,2025-02-10 19:46:53
162,Abdelkader,El Alami,abdelkader.elalami@hotmail.com,+212674367289,"273, Rue 23, Akkari, Rabat, Maroc",2004-08-04,True,M,Ingénieur,2025-02-10 19:46:53
163,Rania,El Jabri,rania.eljabri@outlook.com,+212776166988,"63, Rue 19, Hassan, Rabat, Maroc",2001-02-28,True,F,Médecin,2025-02-10 19:46:53
164,Hiba,Chaoui,hiba.chaoui@gmail.com,+212765287852,"502, Rue 62, Hassan, Rabat, Maroc",1962-07-09,True,F,Consultant,2025-02-10 19:46:53
165,Ibrahim,El Amrani,ibrahim.elamrani@hotmail.com,+212715852262,"526, Rue 16, Aviation, Rabat, Maroc",1965-02-20,True,M,Commercial,2025-02-10 19:46:53
166,Saida,Benslimane,saida.benslimane@gmail.com,+212739033753,"415, Rue 24, Anfa, Casablanca, Maroc",1972-10-23,True,F,Professeur,2025-02-10 19:46:53
167,Sara,Alaoui,sara.alaoui@yahoo.fr,+212688228799,"985, Rue 82, Dakhla, Agadir, Maroc",1956-08-28,True,F,Gestionnaire,2025-02-10 19:46:53
168,Ilyas,Bouhassoun,ilyas.bouhassoun@gmail.com,+212616357784,"398, Rue 94, Yacoub El Mansour, Rabat, Maroc",1957-07-04,True,M,Avocat,2025-02-10 19:46:53
169,Mohame-Amine,Chraibi,mohame-amine.chraibi@gmail.com,+212724353330,"623, Rue 45, California, Tanger, Maroc",1970-07-21,True,M,Consultant,2025-02-10 19:46:53
170,Nora,El Othmani,nora.elothmani@yahoo.fr,+212738692111,"909, Rue 35, Agdal, Rabat, Maroc",1985-08-27,True,F,Dentiste,2025-02-10 19:46:53
171,Hiba,El Omari,hiba.elomari@gmail.com,+212790273336,"924, Rue 40, Zouagha, Fes, Maroc",1995-03-18,True,F,Analyste Financier,2025-02-10 19:46:53
172,Taha,El Malki,taha.elmalki@yahoo.fr,+212640141980,"835, Rue 12, Ville Nouvelle, Fes, Maroc",1989-02-07,True,M,Chef d'Entreprise,2025-02-10 19:46:53
173,Meryem,Fassi,meryem.fassi@gmail.com,+212742281095,"779, Rue 12, Val Fleuri, Tanger, Maroc",1994-10-06,True,F,Responsable RH,2025-02-10 19:46:53
174,Hind,Bouzoubaa,hind.bouzoubaa@hotmail.com,+212768022563,"481, Rue 81, Agdal, Fes, Maroc",1970-01-07,True,F,Chef d'Entreprise,2025-02-10 19:46:53
175,Aziz,Bennasser,aziz.bennasser@yahoo.fr,+212619389347,"914, Rue 75, Atlas, Fes, Maroc",2001-08-20,True,M,Chef de Projet,2025-02-10 19:46:53
176,Saida,El Idrissi,saida.elidrissi@hotmail.com,+212778641108,"38, Rue 40, Narjiss, Fes, Maroc",1986-04-13,True,F,Gestionnaire,2025-02-10 19:46:53
177,Majda,El Kadiri,majda.elkadiri@yahoo.fr,+212645524148,"526, Rue 88, Bourgogne, Casablanca, Maroc",1972-01-16,True,F,Gestionnaire,2025-02-10 19:46:53
178,Mounir,Cherkaoui,mounir.cherkaoui@outlook.com,+212680723226,"776, Rue 78, Agdal, Rabat, Maroc",1963-11-16,True,M,Chef de Projet,2025-02-10 19:46:53
179,Marouane,Raji,marouane.raji@gmail.com,+212652529078,"537, Rue 16, Sidi Belyout, Casablanca, Maroc",1986-07-15,True,M,Technicien,2025-02-10 19:46:53
180,Ali,Chaoui,ali.chaoui@hotmail.com,+212755625416,"198, Rue 48, Ben M'Sick, Casablanca, Maroc",2005-01-28,True,M,Banquier,2025-02-10 19:46:53
181,Taha,Ghazali,taha.ghazali@gmail.com,+212717555685,"914, Rue 75, Massira, Marrakech, Maroc",1981-07-08,True,M,Architecte,2025-02-10 19:46:53
182,Hafsa,Benzakour,hafsa.benzakour@hotmail.com,+212753250674,"621, Rue 33, Zouagha, Fes, Maroc",1973-09-10,True,F,Commercial,2025-02-10 19:46:53
183,Amina,El Fassi,amina.elfassi@hotmail.com,+212626947110,"433, Rue 100, Les Orangers, Rabat, Maroc",1956-01-23,True,F,Entrepreneur,2025-02-10 19:46:53
184,Brahim,Benkirane,brahim.benkirane@hotmail.com,+212639578723,"131, Rue 11, Hivernage, Marrakech, Maroc",1994-08-30,True,M,Médecin,2025-02-10 19:46:53
185,Mohamed,El Idrissi,mohamed.elidrissi@hotmail.com,+212610698494,"113, Rue 12, Founty, Agadir, Maroc",1957-01-16,True,M,Ingénieur,2025-02-10 19:46:53
186,Khadija,El Hamdi,khadija.elhamdi@hotmail.com,+212788366573,"112, Rue 66, Guéliz, Marrakech, Maroc",2003-09-01,True,F,Commercial,2025-02-10 19:46:53
187,Naima,Bouzoubaa,naima.bouzoubaa@gmail.com,+212677133895,"31, Rue 1, Palmeraie, Marrakech, Maroc",1979-03-26,True,F,Designer,2025-02-10 19:46:53
188,Rachida,Belyamani,rachida.belyamani@gmail.com,+212743383617,"746, Rue 14, Ville Nouvelle, Fes, Maroc",1976-01-28,True,F,Commercial,2025-02-10 19:46:53
189,Hasna,El Omari,hasna.elomari@hotmail.com,+212743939996,"936, Rue 89, Médina, Marrakech, Maroc",2004-01-28,True,F,Médecin,2025-02-10 19:46:53
190,Mustapha,Bekkali,mustapha.bekkali@outlook.com,+212744978746,"194, Rue 48, Val Fleuri, Tanger, Maroc",1971-11-07,True,M,Directeur Commercial,2025-02-10 19:46:53
191,Fadwa,Benali,fadwa.benali@yahoo.fr,+212656905146,"579, Rue 7, Taddart, Agadir, Maroc",1963-10-27,True,F,Directeur Commercial,2025-02-10 19:46:53
192,Saida,Benhaddou,saida.benhaddou@hotmail.com,+212614618683,"146, Rue 76, Aviation, Rabat, Maroc",2004-06-11,True,F,Banquier,2025-02-10 19:46:53
193,Hassan,Ghazali,hassan.ghazali@outlook.com,+212653417262,"491, Rue 73, Ben M'Sick, Casablanca, Maroc",1972-05-27,True,M,Architecte,2025-02-10 19:46:53
194,Ihsane,Bennasser,ihsane.bennasser@hotmail.com,+212662288325,"388, Rue 51, Malabata, Tanger, Maroc",1986-01-21,True,F,Développeur,2025-02-10 19:46:53
195,Abdelali,Bekkali,abdelali.bekkali@gmail.com,+212641148139,"514, Rue 8, Hay Hassani, Casablanca, Maroc",1968-05-16,True,M,Directeur Commercial,2025-02-10 19:46:53
196,Rachida,El Khattabi,rachida.elkhattabi@outlook.com,+212639249138,"20, Rue 60, Médina, Marrakech, Maroc",1985-01-30,True,F,Professeur,2025-02-10 19:46:53
197,Hamza,Bouhassoun,hamza.bouhassoun@hotmail.com,+212648971713,"330, Rue 77, Médina, Tanger, Maroc",1965-04-03,True,M,Gestionnaire,2025-02-10 19:46:53
198,Oussama,Idrissi,oussama.idrissi@gmail.com,+212768026111,"131, Rue 54, Targa, Marrakech, Maroc",1964-06-02,True,M,Responsable RH,2025-02-10 19:46:53
199,Driss,Benzakour,driss.benzakour@outlook.com,+212773196402,"735, Rue 100, Médina, Rabat, Maroc",1975-05-13,True,M,Médecin,2025-02-10 19:46:53
200,Omar,Lamrani,omar.lamrani@outlook.com,+212757219949,"184, Rue 61, Palmeraie, Marrakech, Maroc",2006-10-24,True,M,Professeur,2025-02-10 19:46:53
201,Siham,Benslimane,siham.benslimane@yahoo.fr,+212663839535,"535, Rue 84, Médina, Fes, Maroc",2006-03-26,True,F,Chef de Projet,2025-02-10 19:46:53
202,Ahmed,El Alami,ahmed.elalami@gmail.com,+212625787543,"34, Rue 3, Ville Nouvelle, Fes, Maroc",2003-11-25,True,M,Technicien,2025-02-10 19:46:53
203,Imane,El Filali,imane.elfilali@yahoo.fr,+212750841249,"757, Rue 51, Ain Sebaa, Casablanca, Maroc",1958-02-22,True,F,Chef de Projet,2025-02-10 19:46:53
204,Sabrine,El Rhazi,sabrine.elrhazi@yahoo.fr,+212631983623,"47, Rue 52, Médina, Tanger, Maroc",1960-05-05,True,F,Commercial,2025-02-10 19:46:53
205,Abdelhak,Ziani,abdelhak.ziani@yahoo.fr,+212636416620,"156, Rue 32, Guéliz, Marrakech, Maroc",2006-05-29,True,M,Avocat,2025-02-10 19:46:53
206,Abdellah,Idrissi,abdellah.idrissi@gmail.com,+212787260179,"870, Rue 19, Founty, Agadir, Maroc",1998-07-25,True,M,Gestionnaire,2025-02-10 19:46:53
207,Fadwa,El Guerrouj,fadwa.elguerrouj@hotmail.com,+212731820040,"893, Rue 68, Ben M'Sick, Casablanca, Maroc",1992-03-10,True,F,Comptable,2025-02-10 19:46:53
208,Sabrine,El Rhazi,sabrine.elrhazi@gmail.com,+212747852706,"138, Rue 13, Val Fleuri, Tanger, Maroc",1955-04-29,True,F,Technicien,2025-02-10 19:46:53
209,Manal,Bouhassoun,manal.bouhassoun@hotmail.com,+212619984160,"650, Rue 96, Ain Diab, Casablanca, Maroc",1969-01-27,True,F,Dentiste,2025-02-10 19:46:53
210,Adam,El Kadiri,adam.elkadiri@gmail.com,+212653233307,"760, Rue 24, Hivernage, Marrakech, Maroc",1963-04-16,True,M,Consultant,2025-02-10 19:46:53
211,Nadia,Lazrak,nadia.lazrak@yahoo.fr,+212674047874,"234, Rue 40, Aviation, Rabat, Maroc",1983-04-26,True,F,Ingénieur,2025-02-10 19:46:53
212,Taha,El Omari,taha.elomari@outlook.com,+212615557430,"493, Rue 73, Taddart, Agadir, Maroc",1988-08-21,True,M,Directeur Commercial,2025-02-10 19:46:53
213,Taha,El Alami,taha.elalami@gmail.com,+212670450545,"47, Rue 35, Hivernage, Marrakech, Maroc",1959-02-08,True,M,Professeur,2025-02-10 19:46:53
214,Mehdi,Fassi,mehdi.fassi@yahoo.fr,+212791059978,"250, Rue 43, Palmeraie, Marrakech, Maroc",1962-09-11,True,M,Commercial,2025-02-10 19:46:53
215,Elias,El Alami,elias.elalami@yahoo.fr,+212628002008,"12, Rue 49, Talborjt, Agadir, Maroc",1995-08-30,True,M,Avocat,2025-02-10 19:46:53
216,Yasmine,El Ouazzani,yasmine.elouazzani@outlook.com,+212711935105,"652, Rue 56, Dakhla, Agadir, Maroc",1967-12-26,True,F,Commercial,2025-02-10 19:46:53
217,Imane,Bekkali,imane.bekkali@outlook.com,+212629285044,"799, Rue 10, Médina, Tanger, Maroc",1996-05-26,True,F,Entrepreneur,2025-02-10 19:46:53
218,Oumaima,Bennani,oumaima.bennani@yahoo.fr,+212650942162,"769, Rue 54, Charaf, Agadir, Maroc",1990-06-17,True,F,Dentiste,2025-02-10 19:46:53
219,Souad,El Badaoui,souad.elbadaoui@gmail.com,+212670588882,"665, Rue 22, Diour Jamaa, Rabat, Maroc",2002-12-22,True,F,Entrepreneur,2025-02-10 19:46:53
220,Abderrahman,Bennasser,abderrahman.bennasser@gmail.com,+212634344902,"102, Rue 45, Al Fida, Casablanca, Maroc",1988-08-02,True,M,Avocat,2025-02-10 19:46:53
221,Malika,Benjelloun,malika.benjelloun@hotmail.com,+212697214905,"651, Rue 36, Agdal, Fes, Maroc",2001-06-30,True,F,Développeur,2025-02-10 19:46:53
222,Chaima,El Filali,chaima.elfilali@gmail.com,+212641538316,"255, Rue 36, Route Immouzer, Fes, Maroc",1987-04-19,True,F,Directeur Commercial,2025-02-10 19:46:53
223,Soukaina,El Ghazi,soukaina.elghazi@outlook.com,+212640999887,"212, Rue 94, Iberia, Tanger, Maroc",1961-08-11,True,F,Entrepreneur,2025-02-10 19:46:53
224,Ahmed,El Moudden,ahmed.elmoudden@gmail.com,+212738568706,"660, Rue 92, Maarif, Casablanca, Maroc",1994-06-18,True,M,Chef de Projet,2025-02-10 19:46:53
225,Hind,Lazrak,hind.lazrak@outlook.com,+212771993129,"331, Rue 46, Maarif, Casablanca, Maroc",1990-07-07,True,F,Directeur Commercial,2025-02-10 19:46:53
226,Fadwa,Cherkaoui,fadwa.cherkaoui@hotmail.com,+212639723332,"827, Rue 81, Médina, Tanger, Maroc",1963-01-29,True,F,Avocat,2025-02-10 19:46:53
227,Mouna,El Amrani,mouna.elamrani@yahoo.fr,+212674753362,"160, Rue 73, Hassan, Rabat, Maroc",1983-06-25,True,F,Professeur,2025-02-10 19:46:53
228,Mouna,El Hassani,mouna.elhassani@yahoo.fr,+212674860310,"611, Rue 81, Palmeraie, Marrakech, Maroc",1979-06-23,True,F,Pharmacien,2025-02-10 19:46:53
229,Dalal,El Amiri,dalal.elamiri@yahoo.fr,+212636356846,"788, Rue 13, Anfa, Casablanca, Maroc",1966-02-22,True,F,Avocat,2025-02-10 19:46:53
230,Jamila,Fassi,jamila.fassi@outlook.com,+212730045405,"584, Rue 42, Val Fleuri, Tanger, Maroc",2002-12-16,True,F,Directeur Commercial,2025-02-10 19:46:53
231,Soukaina,Belhaj,soukaina.belhaj@hotmail.com,+212740029676,"795, Rue 6, Médina, Tanger, Maroc",1969-08-02,True,F,Médecin,2025-02-10 19:46:53
232,Asma,Benslimane,asma.benslimane@outlook.com,+212798280973,"347, Rue 61, Targa, Marrakech, Maroc",1994-08-31,True,F,Ingénieur,2025-02-10 19:46:53
233,Hamza,Chaoui,hamza.chaoui@hotmail.com,+212630913035,"842, Rue 42, Massira, Marrakech, Maroc",1981-08-19,True,M,Gestionnaire,2025-02-10 19:46:53
234,Driss,El Mokri,driss.elmokri@gmail.com,+212661236862,"943, Rue 31, Malabata, Tanger, Maroc",1990-01-16,True,M,Médecin,2025-02-10 19:46:53
235,Mohsin,Benali,mohsin.benali@yahoo.fr,+212759840393,"149, Rue 33, Bensouda, Fes, Maroc",1959-04-02,True,M,Architecte,2025-02-10 19:46:53
236,Fatima,Tahiri,fatima.tahiri@gmail.com,+212643233350,"920, Rue 4, Les Orangers, Rabat, Maroc",1979-02-15,True,F,Enseignant,2025-02-10 19:46:53
237,Omar,Tahiri,omar.tahiri@gmail.com,+212669982808,"975, Rue 93, Al Fida, Casablanca, Maroc",1985-04-04,True,M,Chef d'Entreprise,2025-02-10 19:46:53
238,Chaima,El Amiri,chaima.elamiri@hotmail.com,+212695795328,"191, Rue 68, Targa, Marrakech, Maroc",1998-10-01,True,F,Dentiste,2025-02-10 19:46:53
239,Amal,El Azzouzi,amal.elazzouzi@gmail.com,+212713126923,"729, Rue 20, Val Fleuri, Tanger, Maroc",1978-04-08,True,F,Pharmacien,2025-02-10 19:46:53
240,Yahya,Ghazali,yahya.ghazali@hotmail.com,+212767246040,"725, Rue 68, Hivernage, Marrakech, Maroc",1982-02-03,True,M,Médecin,2025-02-10 19:46:53
241,Meryem,Benchekroun,meryem.benchekroun@hotmail.com,+212652267030,"540, Rue 43, Médina, Rabat, Maroc",1998-02-07,True,F,Enseignant,2025-02-10 19:46:53
242,Salim,Sabri,salim.sabri@yahoo.fr,+212728777569,"301, Rue 32, Médina, Tanger, Maroc",1989-12-10,True,M,Chef de Projet,2025-02-10 19:46:53
243,Imad,Benhaddou,imad.benhaddou@hotmail.com,+212648560026,"645, Rue 74, Médina, Fes, Maroc",1977-05-08,True,M,Journaliste,2025-02-10 19:46:53
244,Salma,Chraibi,salma.chraibi@yahoo.fr,+212759234066,"248, Rue 41, Hassan, Rabat, Maroc",1972-11-14,True,F,Pharmacien,2025-02-10 19:46:53
245,Fouad,Alaoui,fouad.alaoui@outlook.com,+212674908612,"326, Rue 89, Bensouda, Fes, Maroc",1970-07-08,True,M,Responsable RH,2025-02-10 19:46:53
246,Fatima-Zahra,El Othmani,fatima-zahra.elothmani@outlook.com,+212787013769,"84, Rue 67, Taddart, Agadir, Maroc",1978-09-09,True,F,Médecin,2025-02-10 19:46:53
247,Noura,El Filali,noura.elfilali@yahoo.fr,+212687851996,"616, Rue 84, Hay Hassani, Casablanca, Maroc",1958-12-30,True,F,Technicien,2025-02-10 19:46:53
248,Laila,El Moudden,laila.elmoudden@hotmail.com,+212722585497,"684, Rue 5, Médina, Tanger, Maroc",1991-07-09,True,F,Entrepreneur,2025-02-10 19:46:53
249,Fatima-Zahra,El Jabri,fatima-zahra.eljabri@hotmail.com,+212785578780,"614, Rue 61, Agdal, Fes, Maroc",1978-01-13,True,F,Entrepreneur,2025-02-10 19:46:53
250,Aziz,El Guerrouj,aziz.elguerrouj@gmail.com,+212720716027,"610, Rue 67, Palmeraie, Marrakech, Maroc",1970-12-16,True,M,Médecin,2025-02-10 19:46:53
251,Rim,Tahiri,rim.tahiri@yahoo.fr,+212657299886,"229, Rue 25, Agdal, Rabat, Maroc",1961-08-01,True,F,Développeur,2025-02-10 19:46:53
252,Sabrine,Benkirane,sabrine.benkirane@outlook.com,+212729781630,"593, Rue 52, Marchane, Tanger, Maroc",1983-09-06,True,F,Technicien,2025-02-10 19:46:53
253,Abdelali,Belyamani,abdelali.belyamani@yahoo.fr,+212720723189,"956, Rue 29, Taddart, Agadir, Maroc",1996-09-26,True,M,Avocat,2025-02-10 19:46:53
254,Nadia,El Mansouri,nadia.elmansouri@hotmail.com,+212696962852,"809, Rue 43, Malabata, Tanger, Maroc",1959-09-22,True,F,Médecin,2025-02-10 19:46:53
255,Fatima,El Kabbaj,fatima.elkabbaj@outlook.com,+212798654313,"257, Rue 41, Palmeraie, Marrakech, Maroc",1979-12-24,True,F,Architecte,2025-02-10 19:46:53
256,Badr,El Ouazzani,badr.elouazzani@hotmail.com,+212729971190,"680, Rue 98, Palmeraie, Marrakech, Maroc",1965-12-18,True,M,Chef de Projet,2025-02-10 19:46:53
257,Ibtissam,Cherkaoui,ibtissam.cherkaoui@hotmail.com,+212682077454,"334, Rue 79, Agdal, Rabat, Maroc",2001-09-24,True,F,Architecte,2025-02-10 19:46:53
258,Aziz,El Fathi,aziz.elfathi@outlook.com,+212759478093,"708, Rue 71, Médina, Marrakech, Maroc",1981-04-03,True,M,Directeur Commercial,2025-02-10 19:46:53
259,Achraf,Alaoui,achraf.alaoui@gmail.com,+212699718582,"52, Rue 36, Agdal, Fes, Maroc",1989-02-11,True,M,Architecte,2025-02-10 19:46:53
260,Maha,Bennani,maha.bennani@outlook.com,+212675768747,"816, Rue 12, Agdal, Rabat, Maroc",1992-04-02,True,F,Comptable,2025-02-10 19:46:53
261,Mouna,Idrissi,mouna.idrissi@gmail.com,+212733678954,"372, Rue 40, Sidi Belyout, Casablanca, Maroc",1959-05-16,True,F,Professeur,2025-02-10 19:46:53
262,Hiba,Bennis,hiba.bennis@hotmail.com,+212625369155,"955, Rue 8, Ville Nouvelle, Fes, Maroc",1972-09-23,True,F,Chef de Projet,2025-02-10 19:46:53
263,Sara,El Mansouri,sara.elmansouri@hotmail.com,+212751523428,"376, Rue 3, Ben M'Sick, Casablanca, Maroc",2001-12-10,True,F,Chef de Projet,2025-02-10 19:46:53
264,Wafa,El Malki,wafa.elmalki@outlook.com,+212780136396,"626, Rue 65, Al Fida, Casablanca, Maroc",1971-04-02,True,F,Designer,2025-02-10 19:46:53
265,Malika,Bensouda,malika.bensouda@yahoo.fr,+212751665604,"646, Rue 5, Taddart, Agadir, Maroc",1986-01-30,True,F,Entrepreneur,2025-02-10 19:46:53
266,Rajae,Tazi,rajae.tazi@hotmail.com,+212696748201,"867, Rue 62, Médina, Tanger, Maroc",1963-08-28,True,F,Médecin,2025-02-10 19:46:53
267,Hasna,El Azzouzi,hasna.elazzouzi@gmail.com,+212628091305,"542, Rue 30, Hay Riad, Rabat, Maroc",2005-12-14,True,F,Avocat,2025-02-10 19:46:53
268,Mostafa,El Rhazi,mostafa.elrhazi@gmail.com,+212759055598,"483, Rue 27, Ain Diab, Casablanca, Maroc",1974-05-13,True,M,Professeur,2025-02-10 19:46:53
269,Ikram,El Kadiri,ikram.elkadiri@gmail.com,+212688885211,"799, Rue 37, Maarif, Casablanca, Maroc",1976-11-11,True,F,Chef de Projet,2025-02-10 19:46:53
270,Abderrahman,El Kabbaj,abderrahman.elkabbaj@gmail.com,+212650020592,"338, Rue 43, Les Orangers, Rabat, Maroc",1983-07-30,True,M,Enseignant,2025-02-10 19:46:53
271,Jamal,Boukricha,jamal.boukricha@hotmail.com,+212650465201,"431, Rue 49, Agdal, Fes, Maroc",1961-04-28,True,M,Avocat,2025-02-10 19:46:53
272,Elias,El Azzouzi,elias.elazzouzi@outlook.com,+212673384495,"456, Rue 3, Guéliz, Marrakech, Maroc",1998-07-16,True,M,Développeur,2025-02-10 19:46:53
273,Souad,El Mansouri,souad.elmansouri@hotmail.com,+212778277661,"914, Rue 25, Centre Ville, Agadir, Maroc",2002-08-30,True,F,Chef d'Entreprise,2025-02-10 19:46:53
274,Khadija,El Ghazi,khadija.elghazi@gmail.com,+212678121426,"761, Rue 99, Hay Riad, Rabat, Maroc",1973-06-28,True,F,Journaliste,2025-02-10 19:46:53
275,Ihsane,Benslimane,ihsane.benslimane@yahoo.fr,+212615491042,"753, Rue 15, Guéliz, Marrakech, Maroc",1988-02-12,True,F,Consultant,2025-02-10 19:46:53
276,Fatima,Bouhassoun,fatima.bouhassoun@outlook.com,+212678438760,"443, Rue 74, Founty, Agadir, Maroc",1982-05-10,True,F,Avocat,2025-02-10 19:46:53
277,Karim,Benmoussa,karim.benmoussa@hotmail.com,+212636753092,"177, Rue 81, Val Fleuri, Tanger, Maroc",1989-03-12,True,M,Enseignant,2025-02-10 19:46:53
278,Hamza,El Amiri,hamza.elamiri@hotmail.com,+212692189850,"485, Rue 50, Ben M'Sick, Casablanca, Maroc",1996-11-07,True,M,Comptable,2025-02-10 19:46:53
279,Marouane,Bekkali,marouane.bekkali@yahoo.fr,+212799778504,"22, Rue 12, Guéliz, Marrakech, Maroc",1966-11-26,True,M,Développeur,2025-02-10 19:46:53
280,Sara,El Jabri,sara.eljabri@yahoo.fr,+212791446451,"99, Rue 80, Maarif, Casablanca, Maroc",1997-10-13,True,F,Analyste Financier,2025-02-10 19:46:53
281,Fatima,El Othmani,fatima.elothmani@gmail.com,+212785598736,"719, Rue 55, Talborjt, Agadir, Maroc",1975-03-04,True,F,Chef d'Entreprise,2025-02-10 19:46:53
282,Souad,Chaoui,souad.chaoui@gmail.com,+212640067382,"582, Rue 40, Val Fleuri, Tanger, Maroc",1987-11-23,True,F,Banquier,2025-02-10 19:46:53
283,Hassan,Bouzoubaa,hassan.bouzoubaa@outlook.com,+212767570162,"503, Rue 7, Centre Ville, Agadir, Maroc",1998-08-22,True,M,Technicien,2025-02-10 19:46:53
284,Fatima,Bouzoubaa,fatima.bouzoubaa@outlook.com,+212677977031,"190, Rue 95, Atlas, Fes, Maroc",1979-10-05,True,F,Commercial,2025-02-10 19:46:53
285,Kawtar,Belhaj,kawtar.belhaj@hotmail.com,+212780366538,"725, Rue 71, Charaf, Agadir, Maroc",1955-03-09,True,F,Responsable RH,2025-02-10 19:46:53
286,Hasna,El Omari,hasna.elomari@yahoo.fr,+212669572211,"585, Rue 53, Ain Diab, Casablanca, Maroc",2004-09-10,True,F,Entrepreneur,2025-02-10 19:46:53
287,Marouane,Idrissi,marouane.idrissi@hotmail.com,+212780855472,"694, Rue 28, Route Ain Chkef, Fes, Maroc",1966-11-06,True,M,Développeur,2025-02-10 19:46:53
288,Said,El Malki,said.elmalki@hotmail.com,+212794197759,"466, Rue 56, Hivernage, Marrakech, Maroc",1989-11-27,True,M,Ingénieur,2025-02-10 19:46:53
289,Abdelhadi,Lahlou,abdelhadi.lahlou@hotmail.com,+212776477072,"175, Rue 37, Narjiss, Fes, Maroc",1961-12-28,True,M,Gestionnaire,2025-02-10 19:46:53
290,Aziz,Bouhassoun,aziz.bouhassoun@hotmail.com,+212735199541,"666, Rue 72, Diour Jamaa, Rabat, Maroc",1958-05-27,True,M,Directeur Commercial,2025-02-10 19:46:53
291,Malik,El Mansouri,malik.elmansouri@gmail.com,+212743457264,"31, Rue 32, Anfa, Casablanca, Maroc",1959-03-10,True,M,Designer,2025-02-10 19:46:53
292,Souad,Benjelloun,souad.benjelloun@yahoo.fr,+212719793012,"25, Rue 86, Targa, Marrakech, Maroc",1989-04-01,True,F,Consultant,2025-02-10 19:46:53
293,Abderrahman,Bensouda,abderrahman.bensouda@outlook.com,+212718995705,"678, Rue 96, Youssoufia, Rabat, Maroc",1997-05-02,True,M,Avocat,2025-02-10 19:46:53
294,Samir,Alaoui,samir.alaoui@hotmail.com,+212626226678,"424, Rue 31, Médina, Tanger, Maroc",1999-05-19,True,M,Chef d'Entreprise,2025-02-10 19:46:53
295,Dalal,Benchekroun,dalal.benchekroun@outlook.com,+212659357576,"874, Rue 43, Palmeraie, Marrakech, Maroc",1997-04-03,True,F,Entrepreneur,2025-02-10 19:46:53
296,Adam,Cherkaoui,adam.cherkaoui@hotmail.com,+212626877072,"207, Rue 36, Bensouda, Fes, Maroc",1975-07-04,True,M,Professeur,2025-02-10 19:46:53
297,Anas,El Omari,anas.elomari@gmail.com,+212613428650,"380, Rue 79, Charaf, Agadir, Maroc",1960-12-13,True,M,Architecte,2025-02-10 19:46:53
298,Rachid,Alaoui,rachid.alaoui@yahoo.fr,+212724678042,"922, Rue 92, Malabata, Tanger, Maroc",1993-09-05,True,M,Avocat,2025-02-10 19:46:53
299,Amal,El Guerrouj,amal.elguerrouj@outlook.com,+212677990471,"291, Rue 16, Massira, Marrakech, Maroc",2004-09-13,True,F,Architecte,2025-02-10 19:46:53
300,Manal,Benjelloun,manal.benjelloun@yahoo.fr,+212674206867,"327, Rue 54, Ville Nouvelle, Fes, Maroc",1996-05-27,True,F,Entrepreneur,2025-02-10 19:46:53
301,Lamia,El Azzouzi,lamia.elazzouzi@gmail.com,+212697662414,"471, Rue 95, Guéliz, Marrakech, Maroc",1955-09-30,True,F,Consultant,2025-02-10 19:46:53
302,Khalid,Cherkaoui,khalid.cherkaoui@yahoo.fr,+212733803326,"980, Rue 6, Narjiss, Fes, Maroc",1986-08-05,True,M,Enseignant,2025-02-10 19:46:53
303,Younes,El Kadiri,younes.elkadiri@outlook.com,+212798097905,"572, Rue 78, Palmeraie, Marrakech, Maroc",2004-03-07,True,M,Journaliste,2025-02-10 19:46:53
304,Ayoub,Bennani,ayoub.bennani@gmail.com,+212781653966,"2, Rue 77, Saiss, Fes, Maroc",1962-05-05,True,M,Chef de Projet,2025-02-10 19:46:53
305,Hiba,Berrada,hiba.berrada@outlook.com,+212672641654,"940, Rue 98, Route Immouzer, Fes, Maroc",1979-04-09,True,F,Directeur Commercial,2025-02-10 19:46:53
306,Brahim,Tahiri,brahim.tahiri@gmail.com,+212792074832,"464, Rue 50, Zouagha, Fes, Maroc",1974-11-07,True,M,Analyste Financier,2025-02-10 19:46:53
307,Soukaina,El Ouazzani,soukaina.elouazzani@yahoo.fr,+212664182619,"773, Rue 26, Médina, Fes, Maroc",1986-06-01,True,F,Comptable,2025-02-10 19:46:53
308,Hayat,Fassi,hayat.fassi@gmail.com,+212787047826,"244, Rue 68, Dakhla, Agadir, Maroc",1994-05-06,True,F,Entrepreneur,2025-02-10 19:46:53
309,Mustapha,Lazrak,mustapha.lazrak@gmail.com,+212638981671,"253, Rue 99, Médina, Marrakech, Maroc",1989-03-25,True,M,Comptable,2025-02-10 19:46:53
310,Imad,Bouhassoun,imad.bouhassoun@hotmail.com,+212641561544,"399, Rue 28, Guéliz, Marrakech, Maroc",2003-04-14,True,M,Designer,2025-02-10 19:46:53
311,Jamal,Belghiti,jamal.belghiti@outlook.com,+212682858006,"886, Rue 25, Talborjt, Agadir, Maroc",1976-06-16,True,M,Comptable,2025-02-10 19:46:53
312,Imad,Lamrani,imad.lamrani@gmail.com,+212799815196,"955, Rue 67, Saiss, Fes, Maroc",1987-01-19,True,M,Responsable RH,2025-02-10 19:46:53
313,Jamila,Chraibi,jamila.chraibi@yahoo.fr,+212661783233,"613, Rue 79, Sidi Bernoussi, Casablanca, Maroc",1961-02-12,True,F,Ingénieur,2025-02-10 19:46:53
314,Samir,Boukricha,samir.boukricha@outlook.com,+212682623214,"386, Rue 100, Route Immouzer, Fes, Maroc",1976-07-09,True,M,Commercial,2025-02-10 19:46:53
315,Yahya,Benkirane,yahya.benkirane@hotmail.com,+212634404896,"281, Rue 35, Taddart, Agadir, Maroc",1957-04-05,True,M,Commercial,2025-02-10 19:46:53
316,Othmane,Bennasser,othmane.bennasser@outlook.com,+212764237991,"633, Rue 73, Atlas, Fes, Maroc",1977-07-08,True,M,Technicien,2025-02-10 19:46:53
317,Yahya,Bouhassoun,yahya.bouhassoun@gmail.com,+212649082606,"988, Rue 87, Dakhla, Agadir, Maroc",1983-05-18,True,M,Journaliste,2025-02-10 19:46:53
318,Younes,Belkadi,younes.belkadi@outlook.com,+212635456690,"472, Rue 21, Val Fleuri, Tanger, Maroc",1993-05-08,True,M,Consultant,2025-02-10 19:46:53
319,Nadia,Benali,nadia.benali@yahoo.fr,+212723894139,"399, Rue 77, Agdal, Rabat, Maroc",1977-07-31,True,F,Chef d'Entreprise,2025-02-10 19:46:53
320,Abderrahman,Raji,abderrahman.raji@hotmail.com,+212618481455,"302, Rue 40, Malabata, Tanger, Maroc",1974-01-29,True,M,Architecte,2025-02-10 19:46:53
321,Samira,Benhaddou,samira.benhaddou@outlook.com,+212640996361,"461, Rue 14, Charaf, Agadir, Maroc",1959-11-19,True,F,Ingénieur,2025-02-10 19:46:53
322,Laila,Bensouda,laila.bensouda@hotmail.com,+212787786234,"827, Rue 14, Zouagha, Fes, Maroc",1968-10-28,True,F,Chef d'Entreprise,2025-02-10 19:46:53
323,Ayoub,Alaoui,ayoub.alaoui@yahoo.fr,+212689504784,"640, Rue 41, Ain Diab, Casablanca, Maroc",2004-12-01,True,M,Dentiste,2025-02-10 19:46:53
324,Amine,El Azzouzi,amine.elazzouzi@hotmail.com,+212724081969,"355, Rue 49, Massira, Marrakech, Maroc",1997-06-13,True,M,Architecte,2025-02-10 19:46:53
325,Hakim,Benali,hakim.benali@gmail.com,+212713111695,"534, Rue 41, Maarif, Casablanca, Maroc",2000-04-06,True,M,Enseignant,2025-02-10 19:46:53
326,Aziz,El Badaoui,aziz.elbadaoui@outlook.com,+212749226838,"836, Rue 41, Aviation, Rabat, Maroc",1972-03-17,True,M,Responsable RH,2025-02-10 19:46:53
327,Naima,Belkadi,naima.belkadi@yahoo.fr,+212767876959,"936, Rue 89, Route Ain Chkef, Fes, Maroc",1970-07-31,True,F,Technicien,2025-02-10 19:46:53
328,Khadija,Fassi,khadija.fassi@hotmail.com,+212772473001,"36, Rue 32, Val Fleuri, Tanger, Maroc",1974-04-13,True,F,Pharmacien,2025-02-10 19:46:53
329,Dounia,Lamrani,dounia.lamrani@hotmail.com,+212739606494,"910, Rue 32, Saiss, Fes, Maroc",1964-01-14,True,F,Pharmacien,2025-02-10 19:46:53
330,Wafa,Lazrak,wafa.lazrak@gmail.com,+212748488425,"99, Rue 49, Sidi Belyout, Casablanca, Maroc",1978-04-09,True,F,Analyste Financier,2025-02-10 19:46:53
331,Amina,El Mokri,amina.elmokri@yahoo.fr,+212617113274,"929, Rue 50, Bensouda, Fes, Maroc",1986-11-01,True,F,Directeur Commercial,2025-02-10 19:46:53
332,Ahmed,El Harrak,ahmed.elharrak@outlook.com,+212761014018,"232, Rue 85, Hivernage, Marrakech, Maroc",1972-04-19,True,M,Consultant,2025-02-10 19:46:53
333,Oussama,Alaoui,oussama.alaoui@hotmail.com,+212678600924,"188, Rue 65, Hay Hassani, Casablanca, Maroc",1974-11-19,True,M,Chef de Projet,2025-02-10 19:46:53
334,Ahmed,Benjelloun,ahmed.benjelloun@hotmail.com,+212716389539,"104, Rue 60, Akkari, Rabat, Maroc",1982-04-06,True,M,Gestionnaire,2025-02-10 19:46:53
335,Karima,Ghazali,karima.ghazali@outlook.com,+212796885185,"782, Rue 87, Sidi Belyout, Casablanca, Maroc",1979-01-08,True,F,Banquier,2025-02-10 19:46:53
336,Aisha,Berrada,aisha.berrada@yahoo.fr,+212620510107,"432, Rue 77, Akkari, Rabat, Maroc",1989-12-24,True,F,Pharmacien,2025-02-10 19:46:53
337,Redouane,Bouhassoun,redouane.bouhassoun@hotmail.com,+212648248779,"407, Rue 68, Diour Jamaa, Rabat, Maroc",1955-06-29,True,M,Chef d'Entreprise,2025-02-10 19:46:53
338,Marouane,Benmoussa,marouane.benmoussa@gmail.com,+212611367631,"721, Rue 5, Médina, Tanger, Maroc",1957-06-18,True,M,Journaliste,2025-02-10 19:46:53
339,Hiba,Berrada,hiba.berrada578@outlook.com,+212673096009,"852, Rue 26, Agdal, Fes, Maroc",1974-07-16,True,F,Pharmacien,2025-02-10 19:46:53
340,Soukaina,Tazi,soukaina.tazi@outlook.com,+212678853775,"742, Rue 36, Iberia, Tanger, Maroc",1991-10-01,True,F,Consultant,2025-02-10 19:46:53
341,Driss,Benzakour,driss.benzakour@hotmail.com,+212663237248,"243, Rue 39, Médina, Tanger, Maroc",2003-01-06,True,M,Architecte,2025-02-10 19:46:53
342,Bilal,Chraibi,bilal.chraibi@gmail.com,+212756838667,"38, Rue 62, California, Tanger, Maroc",1990-12-21,True,M,Gestionnaire,2025-02-10 19:46:53
343,Nabil,Ghazali,nabil.ghazali@gmail.com,+212659628840,"119, Rue 22, Hivernage, Marrakech, Maroc",1996-10-04,True,M,Professeur,2025-02-10 19:46:53
344,Jihane,Bennani,jihane.bennani@hotmail.com,+212656355263,"142, Rue 65, Agdal, Rabat, Maroc",1965-03-07,True,F,Responsable RH,2025-02-10 19:46:53
345,Ayoub,Belyamani,ayoub.belyamani@yahoo.fr,+212763573891,"319, Rue 70, Talborjt, Agadir, Maroc",1967-05-21,True,M,Avocat,2025-02-10 19:46:53
346,Karim,El Alami,karim.elalami@outlook.com,+212732196667,"816, Rue 70, Médina, Marrakech, Maroc",2000-04-06,True,M,Analyste Financier,2025-02-10 19:46:53
347,Latifa,Bennasser,latifa.bennasser@outlook.com,+212636575539,"286, Rue 97, Founty, Agadir, Maroc",1965-07-15,True,F,Développeur,2025-02-10 19:46:53
348,Souad,El Azzouzi,souad.elazzouzi@hotmail.com,+212643429077,"254, Rue 86, Centre Ville, Agadir, Maroc",1996-07-04,True,F,Architecte,2025-02-10 19:46:53
349,Yahya,El Harrak,yahya.elharrak@gmail.com,+212749841736,"108, Rue 69, Talborjt, Agadir, Maroc",1993-12-13,True,M,Pharmacien,2025-02-10 19:46:53
350,Badr,El Ghazi,badr.elghazi@yahoo.fr,+212736222004,"609, Rue 44, Bensouda, Fes, Maroc",1994-02-16,True,M,Développeur,2025-02-10 19:46:53
351,Jamila,Chaoui,jamila.chaoui@hotmail.com,+212622840905,"811, Rue 89, Zouagha, Fes, Maroc",1974-04-01,True,F,Développeur,2025-02-10 19:46:53
352,Rachida,Lahlou,rachida.lahlou@outlook.com,+212695925550,"952, Rue 26, Val Fleuri, Tanger, Maroc",1999-07-15,True,F,Médecin,2025-02-10 19:46:53
353,Hafsa,El Moudden,hafsa.elmoudden@outlook.com,+212693639826,"554, Rue 95, Taddart, Agadir, Maroc",1974-04-13,True,F,Ingénieur,2025-02-10 19:46:53
354,Siham,Tahiri,siham.tahiri@gmail.com,+212775023053,"662, Rue 43, Yacoub El Mansour, Rabat, Maroc",1983-04-05,True,F,Comptable,2025-02-10 19:46:53
355,Nabil,El Kabbaj,nabil.elkabbaj@yahoo.fr,+212677329416,"317, Rue 88, Aviation, Rabat, Maroc",1992-08-14,True,M,Analyste Financier,2025-02-10 19:46:53
356,Mouna,El Amrani,mouna.elamrani@outlook.com,+212769842646,"741, Rue 60, Akkari, Rabat, Maroc",1991-01-30,True,F,Consultant,2025-02-10 19:46:53
357,Abdelhadi,Bennani,abdelhadi.bennani@yahoo.fr,+212612090337,"817, Rue 34, Marchane, Tanger, Maroc",1965-10-08,True,M,Journaliste,2025-02-10 19:46:53
358,Hayat,El Fathi,hayat.elfathi@yahoo.fr,+212690093786,"529, Rue 23, Hassan, Rabat, Maroc",2004-05-17,True,F,Entrepreneur,2025-02-10 19:46:53
359,Rajae,Cherkaoui,rajae.cherkaoui@outlook.com,+212684035541,"38, Rue 28, Malabata, Tanger, Maroc",1995-09-10,True,F,Professeur,2025-02-10 19:46:53
360,Oussama,Bennani,oussama.bennani@hotmail.com,+212686143030,"207, Rue 8, Taddart, Agadir, Maroc",1981-05-14,True,M,Architecte,2025-02-10 19:46:53
361,Hamza,El Omari,hamza.elomari@gmail.com,+212767394220,"63, Rue 65, Val Fleuri, Tanger, Maroc",1965-11-01,True,M,Banquier,2025-02-10 19:46:53
362,Yassine,Benkirane,yassine.benkirane@outlook.com,+212720927944,"315, Rue 50, California, Tanger, Maroc",2002-07-06,True,M,Professeur,2025-02-10 19:46:53
363,Jamal,El Mansouri,jamal.elmansouri@outlook.com,+212666074924,"80, Rue 28, Targa, Marrakech, Maroc",1985-12-14,True,M,Chef d'Entreprise,2025-02-10 19:46:53
364,Nabil,El Rhazi,nabil.elrhazi@gmail.com,+212723069376,"2, Rue 49, Taddart, Agadir, Maroc",1974-05-17,True,M,Chef de Projet,2025-02-10 19:46:53
365,Rajae,Belyamani,rajae.belyamani@hotmail.com,+212773755869,"934, Rue 42, Les Orangers, Rabat, Maroc",1967-09-25,True,F,Entrepreneur,2025-02-10 19:46:53
366,Manal,El Filali,manal.elfilali@gmail.com,+212785661824,"455, Rue 24, Sidi Bernoussi, Casablanca, Maroc",1982-12-13,True,F,Ingénieur,2025-02-10 19:46:53
367,Aisha,Lahlou,aisha.lahlou@gmail.com,+212786618405,"175, Rue 68, California, Tanger, Maroc",1962-09-02,True,F,Gestionnaire,2025-02-10 19:46:53
368,Anas,Benzakour,anas.benzakour@gmail.com,+212727699523,"609, Rue 21, Anfa, Casablanca, Maroc",1959-04-22,True,M,Commercial,2025-02-10 19:46:53
369,Adil,Bekkali,adil.bekkali@outlook.com,+212680832982,"65, Rue 41, Atlas, Fes, Maroc",1965-11-12,True,M,Développeur,2025-02-10 19:46:53
370,Mehdi,Bouzoubaa,mehdi.bouzoubaa@gmail.com,+212723996583,"894, Rue 65, Dakhla, Agadir, Maroc",1977-04-27,True,M,Gestionnaire,2025-02-10 19:46:53
371,Imane,El Kabbaj,imane.elkabbaj@hotmail.com,+212652166000,"637, Rue 78, Charaf, Agadir, Maroc",2000-03-21,True,F,Enseignant,2025-02-10 19:46:53
372,Fatima-Zahra,El Ghazi,fatima-zahra.elghazi@outlook.com,+212731901742,"132, Rue 12, Iberia, Tanger, Maroc",1992-03-02,True,F,Consultant,2025-02-10 19:46:53
373,Amina,Bouzoubaa,amina.bouzoubaa@gmail.com,+212765400074,"181, Rue 1, Agdal, Rabat, Maroc",1985-02-01,True,F,Chef d'Entreprise,2025-02-10 19:46:53
374,Karima,Bennasser,karima.bennasser@yahoo.fr,+212674181724,"579, Rue 17, Maarif, Casablanca, Maroc",2006-04-05,True,F,Designer,2025-02-10 19:46:53
375,Nissrine,El Ouazzani,nissrine.elouazzani@gmail.com,+212611002253,"135, Rue 30, Palmeraie, Marrakech, Maroc",1987-01-24,True,F,Ingénieur,2025-02-10 19:46:53
376,Hasna,El Guerrouj,hasna.elguerrouj@hotmail.com,+212614183452,"596, Rue 53, Founty, Agadir, Maroc",1962-03-22,True,F,Professeur,2025-02-10 19:46:53
377,Abdellah,El Filali,abdellah.elfilali@yahoo.fr,+212632272852,"348, Rue 92, Atlas, Fes, Maroc",1956-09-05,True,M,Professeur,2025-02-10 19:46:53
378,Amal,El Fathi,amal.elfathi@gmail.com,+212780021157,"471, Rue 1, Talborjt, Agadir, Maroc",1991-01-29,True,F,Analyste Financier,2025-02-10 19:46:53
379,Badr,El Jabri,badr.eljabri@outlook.com,+212648836001,"842, Rue 3, Atlas, Fes, Maroc",1989-05-05,True,M,Chef de Projet,2025-02-10 19:46:53
380,Meryem,Benzakour,meryem.benzakour@outlook.com,+212720376130,"51, Rue 97, Yacoub El Mansour, Rabat, Maroc",1962-01-12,True,F,Chef de Projet,2025-02-10 19:46:53
381,Wafa,El Rhazi,wafa.elrhazi@yahoo.fr,+212669224033,"294, Rue 75, Marchane, Tanger, Maroc",1996-10-14,True,F,Technicien,2025-02-10 19:46:53
382,Malika,Bouzoubaa,malika.bouzoubaa@gmail.com,+212760700778,"778, Rue 82, Hivernage, Marrakech, Maroc",1988-08-28,True,F,Responsable RH,2025-02-10 19:46:53
383,Abdellah,El Amrani,abdellah.elamrani313@hotmail.com,+212615874667,"626, Rue 54, Dakhla, Agadir, Maroc",2006-10-21,True,M,Technicien,2025-02-10 19:46:53
384,Asma,El Moudden,asma.elmoudden@hotmail.com,+212730602969,"377, Rue 72, Diour Jamaa, Rabat, Maroc",1989-12-13,True,F,Responsable RH,2025-02-10 19:46:53
385,Zakaria,Idrissi,zakaria.idrissi@gmail.com,+212799477813,"446, Rue 54, Route Ain Chkef, Fes, Maroc",1956-06-03,True,M,Développeur,2025-02-10 19:46:53
386,Samir,Idrissi,samir.idrissi@yahoo.fr,+212638891427,"193, Rue 30, Hay Riad, Rabat, Maroc",1993-07-26,True,M,Chef de Projet,2025-02-10 19:46:53
387,Mehdi,Lahlou,mehdi.lahlou@yahoo.fr,+212614150557,"394, Rue 1, Aviation, Rabat, Maroc",1974-01-05,True,M,Développeur,2025-02-10 19:46:53
388,Wafa,Lazrak,wafa.lazrak@hotmail.com,+212793795796,"434, Rue 76, Dakhla, Agadir, Maroc",1963-04-07,True,F,Comptable,2025-02-10 19:46:53
389,Hamza,Belyamani,hamza.belyamani@hotmail.com,+212659969707,"630, Rue 56, Taddart, Agadir, Maroc",1968-08-15,True,M,Directeur Commercial,2025-02-10 19:46:53
390,Achraf,Benzakour,achraf.benzakour@yahoo.fr,+212641046294,"673, Rue 14, Bourgogne, Casablanca, Maroc",1977-03-30,True,M,Commercial,2025-02-10 19:46:53
391,Mostafa,El Hamdi,mostafa.elhamdi@outlook.com,+212776554065,"181, Rue 36, Médina, Marrakech, Maroc",1958-09-27,True,M,Banquier,2025-02-10 19:46:53
392,Mostafa,El Fathi,mostafa.elfathi@yahoo.fr,+212676047178,"980, Rue 42, Malabata, Tanger, Maroc",1977-07-09,True,M,Banquier,2025-02-10 19:46:53
393,Aziz,Benjelloun,aziz.benjelloun@hotmail.com,+212677225104,"438, Rue 51, Centre Ville, Agadir, Maroc",1984-03-11,True,M,Designer,2025-02-10 19:46:53
394,Soukaina,Ziani,soukaina.ziani@gmail.com,+212750885397,"773, Rue 85, Ain Sebaa, Casablanca, Maroc",1999-10-18,True,F,Enseignant,2025-02-10 19:46:53
395,Tarik,Benslimane,tarik.benslimane@gmail.com,+212617182820,"52, Rue 29, Saiss, Fes, Maroc",1964-12-02,True,M,Banquier,2025-02-10 19:46:53
396,Yasmine,Bensouda,yasmine.bensouda@gmail.com,+212649071853,"310, Rue 23, Narjiss, Fes, Maroc",1996-02-23,True,F,Architecte,2025-02-10 19:46:53
397,Rachid,Bennis,rachid.bennis@gmail.com,+212661963804,"201, Rue 28, Guéliz, Marrakech, Maroc",2003-02-25,True,M,Designer,2025-02-10 19:46:53
398,Jihane,Ghazali,jihane.ghazali@yahoo.fr,+212766598652,"177, Rue 60, Hay Riad, Rabat, Maroc",1982-09-28,True,F,Gestionnaire,2025-02-10 19:46:53
399,Salma,Tahiri,salma.tahiri@gmail.com,+212675407607,"835, Rue 38, Bensouda, Fes, Maroc",1997-02-16,True,F,Ingénieur,2025-02-10 19:46:53
400,Hamza,El Mokri,hamza.elmokri@gmail.com,+212791723985,"57, Rue 81, Médina, Tanger, Maroc",1968-10-29,True,M,Pharmacien,2025-02-10 19:46:53
401,Sanaa,Alaoui,sanaa.alaoui@gmail.com,+212756677391,"635, Rue 67, Talborjt, Agadir, Maroc",1991-08-23,True,F,Développeur,2025-02-10 19:46:53
402,Redouane,El Othmani,redouane.elothmani@gmail.com,+212796214504,"67, Rue 51, Centre Ville, Agadir, Maroc",1992-05-23,True,M,Avocat,2025-02-10 19:46:53
403,Maria,El Othmani,maria.elothmani@hotmail.com,+212685370282,"787, Rue 23, Al Fida, Casablanca, Maroc",1993-12-27,True,F,Journaliste,2025-02-10 19:46:53
404,Meryem,Lazrak,meryem.lazrak@hotmail.com,+212724733475,"321, Rue 77, Sidi Bernoussi, Casablanca, Maroc",1973-11-12,True,F,Consultant,2025-02-10 19:46:53
405,Hiba,Benmoussa,hiba.benmoussa@hotmail.com,+212689410991,"322, Rue 80, Hivernage, Marrakech, Maroc",1967-09-08,True,F,Comptable,2025-02-10 19:46:53
406,Imad,Benchekroun,imad.benchekroun@gmail.com,+212667787041,"71, Rue 47, Founty, Agadir, Maroc",1979-04-16,True,M,Gestionnaire,2025-02-10 19:46:53
407,Mohsin,Bennis,mohsin.bennis@gmail.com,+212796471262,"536, Rue 6, Palmeraie, Marrakech, Maroc",1992-11-23,True,M,Chef de Projet,2025-02-10 19:46:53
408,Said,Alaoui,said.alaoui@hotmail.com,+212636791869,"972, Rue 44, Iberia, Tanger, Maroc",1978-04-14,True,M,Banquier,2025-02-10 19:46:53
409,Amina,El Khattabi,amina.elkhattabi@hotmail.com,+212619766225,"573, Rue 11, Guéliz, Marrakech, Maroc",1986-04-25,True,F,Journaliste,2025-02-10 19:46:53
410,Farah,Bennani,farah.bennani@outlook.com,+212613503922,"344, Rue 71, Founty, Agadir, Maroc",1986-11-06,True,F,Commercial,2025-02-10 19:46:53
411,Samir,El Badaoui,samir.elbadaoui@gmail.com,+212673737782,"673, Rue 42, Dakhla, Agadir, Maroc",1987-04-27,True,M,Commercial,2025-02-10 19:46:53
412,Hamza,El Mokri,hamza.elmokri369@gmail.com,+212653969201,"508, Rue 98, Bourgogne, Casablanca, Maroc",1988-03-22,True,M,Banquier,2025-02-10 19:46:53
413,Zouhair,Benmoussa,zouhair.benmoussa@gmail.com,+212776534382,"841, Rue 3, Marchane, Tanger, Maroc",2001-08-08,True,M,Développeur,2025-02-10 19:46:53
414,Jihane,El Othmani,jihane.elothmani@yahoo.fr,+212730885403,"319, Rue 8, Sidi Belyout, Casablanca, Maroc",1987-05-31,True,F,Chef de Projet,2025-02-10 19:46:53
415,Fadwa,Benali,fadwa.benali398@yahoo.fr,+212679823126,"255, Rue 94, Bourgogne, Casablanca, Maroc",1994-07-09,True,F,Journaliste,2025-02-10 19:46:53
416,Fatima,Fassi,fatima.fassi@gmail.com,+212686461180,"1, Rue 1, California, Tanger, Maroc",1962-08-18,True,F,Analyste Financier,2025-02-10 19:46:53
417,Ghita,Lamrani,ghita.lamrani@yahoo.fr,+212659396205,"510, Rue 32, Iberia, Tanger, Maroc",2006-01-13,True,F,Avocat,2025-02-10 19:46:53
418,Badr,Bouhassoun,badr.bouhassoun@yahoo.fr,+212725796557,"969, Rue 74, Taddart, Agadir, Maroc",1960-06-09,True,M,Enseignant,2025-02-10 19:46:53
419,Jalal,Idrissi,jalal.idrissi@gmail.com,+212764830749,"918, Rue 94, Diour Jamaa, Rabat, Maroc",2001-01-06,True,M,Pharmacien,2025-02-10 19:46:53
420,Marouane,El Fathi,marouane.elfathi@gmail.com,+212741433898,"457, Rue 19, Ben M'Sick, Casablanca, Maroc",2002-11-26,True,M,Designer,2025-02-10 19:46:53
421,Dounia,El Mansouri,dounia.elmansouri@hotmail.com,+212655018741,"887, Rue 75, Massira, Marrakech, Maroc",1999-12-07,True,F,Avocat,2025-02-10 19:46:53
422,Badr,Lazrak,badr.lazrak@outlook.com,+212619355536,"528, Rue 89, Dakhla, Agadir, Maroc",1983-02-08,True,M,Pharmacien,2025-02-10 19:46:53
423,Abdelkader,Benali,abdelkader.benali@gmail.com,+212766180385,"397, Rue 19, Maarif, Casablanca, Maroc",1966-12-01,True,M,Ingénieur,2025-02-10 19:46:53
424,Abdelkader,Lahlou,abdelkader.lahlou@yahoo.fr,+212792717111,"442, Rue 5, Ben M'Sick, Casablanca, Maroc",1972-10-10,True,M,Développeur,2025-02-10 19:46:53
425,Maria,El Idrissi,maria.elidrissi@outlook.com,+212783323132,"250, Rue 30, Taddart, Agadir, Maroc",1974-03-16,True,F,Ingénieur,2025-02-10 19:46:53
426,Ali,Alaoui,ali.alaoui@yahoo.fr,+212623234759,"70, Rue 14, California, Tanger, Maroc",1968-08-06,True,M,Consultant,2025-02-10 19:46:53
427,Youssef,Bahri,youssef.bahri@gmail.com,+212793659730,"94, Rue 45, Diour Jamaa, Rabat, Maroc",1971-12-08,True,M,Journaliste,2025-02-10 19:46:53
428,Wafa,El Ghazi,wafa.elghazi@gmail.com,+212689379597,"263, Rue 38, Centre Ville, Agadir, Maroc",1960-01-23,True,F,Directeur Commercial,2025-02-10 19:46:53
429,Dalal,El Rhazi,dalal.elrhazi@gmail.com,+212736960121,"318, Rue 22, Maarif, Casablanca, Maroc",1995-04-16,True,F,Technicien,2025-02-10 19:46:53
430,Abderrahman,El Khattabi,abderrahman.elkhattabi@gmail.com,+212645763578,"334, Rue 15, Médina, Fes, Maroc",2005-12-05,True,M,Chef d'Entreprise,2025-02-10 19:46:53
431,Oussama,El Jabri,oussama.eljabri@outlook.com,+212766956418,"299, Rue 9, Ben M'Sick, Casablanca, Maroc",1981-12-06,True,M,Professeur,2025-02-10 19:46:53
432,Chaima,El Harrak,chaima.elharrak@hotmail.com,+212635028750,"534, Rue 90, Dakhla, Agadir, Maroc",1992-10-12,True,F,Architecte,2025-02-10 19:46:53
433,Ibtissam,Benslimane,ibtissam.benslimane@hotmail.com,+212737555115,"111, Rue 97, Médina, Fes, Maroc",1979-09-27,True,F,Avocat,2025-02-10 19:46:53
434,Nora,Benslimane,nora.benslimane@outlook.com,+212671797188,"2, Rue 92, Marchane, Tanger, Maroc",1956-01-07,True,F,Ingénieur,2025-02-10 19:46:53
435,Ismail,Boukricha,ismail.boukricha@hotmail.com,+212787360809,"778, Rue 1, Massira, Marrakech, Maroc",1959-05-01,True,M,Pharmacien,2025-02-10 19:46:53
436,Rachida,Tahiri,rachida.tahiri@gmail.com,+212617977685,"528, Rue 49, Targa, Marrakech, Maroc",1962-11-17,True,F,Entrepreneur,2025-02-10 19:46:53
437,Dalal,El Hassani,dalal.elhassani@yahoo.fr,+212665814566,"199, Rue 30, Founty, Agadir, Maroc",1959-08-22,True,F,Comptable,2025-02-10 19:46:53
438,Latifa,Bensouda,latifa.bensouda@gmail.com,+212647121169,"928, Rue 7, Médina, Rabat, Maroc",2004-11-28,True,F,Chef de Projet,2025-02-10 19:46:53
439,Zineb,El Idrissi,zineb.elidrissi@yahoo.fr,+212767667283,"148, Rue 80, Atlas, Fes, Maroc",1983-11-14,True,F,Développeur,2025-02-10 19:46:53
440,Meryem,Tazi,meryem.tazi@outlook.com,+212780690547,"979, Rue 74, Hay Riad, Rabat, Maroc",1985-11-13,True,F,Pharmacien,2025-02-10 19:46:53
441,Siham,Bennani,siham.bennani@outlook.com,+212761292770,"793, Rue 18, Ain Diab, Casablanca, Maroc",2005-11-23,True,F,Dentiste,2025-02-10 19:46:53
442,Hiba,Belghiti,hiba.belghiti@outlook.com,+212680887851,"558, Rue 97, Dakhla, Agadir, Maroc",1985-04-01,True,F,Ingénieur,2025-02-10 19:46:53
443,Younes,El Moussaoui,younes.elmoussaoui@yahoo.fr,+212719125908,"97, Rue 60, Charaf, Agadir, Maroc",1984-10-26,True,M,Pharmacien,2025-02-10 19:46:53
444,Hamza,Chaoui,hamza.chaoui434@hotmail.com,+212647483250,"646, Rue 93, Marchane, Tanger, Maroc",1996-04-09,True,M,Architecte,2025-02-10 19:46:53
445,Maha,El Moudden,maha.elmoudden@yahoo.fr,+212621527749,"733, Rue 31, Malabata, Tanger, Maroc",1970-09-02,True,F,Enseignant,2025-02-10 19:46:53
446,Rajae,Ziani,rajae.ziani@gmail.com,+212699801389,"674, Rue 32, Founty, Agadir, Maroc",1996-01-30,True,F,Professeur,2025-02-10 19:46:53
447,Nora,El Mokri,nora.elmokri@yahoo.fr,+212665456268,"383, Rue 94, Sidi Bernoussi, Casablanca, Maroc",2004-09-01,True,F,Architecte,2025-02-10 19:46:53
448,Fadwa,Bouhassoun,fadwa.bouhassoun@outlook.com,+212722237582,"397, Rue 23, Akkari, Rabat, Maroc",1989-06-04,True,F,Médecin,2025-02-10 19:46:53
449,Zakaria,Benkirane,zakaria.benkirane@gmail.com,+212651132350,"995, Rue 30, Founty, Agadir, Maroc",1957-05-04,True,M,Avocat,2025-02-10 19:46:53
450,Oumaima,Belhaj,oumaima.belhaj@gmail.com,+212625878462,"680, Rue 40, Founty, Agadir, Maroc",1971-08-06,True,F,Ingénieur,2025-02-10 19:46:53
451,Hasna,Sabri,hasna.sabri@outlook.com,+212741218801,"693, Rue 7, Founty, Agadir, Maroc",1956-09-17,True,F,Consultant,2025-02-10 19:46:53
452,Meryem,El Azzouzi,meryem.elazzouzi@hotmail.com,+212737145901,"440, Rue 98, Agdal, Rabat, Maroc",1972-10-08,True,F,Responsable RH,2025-02-10 19:46:53
453,Saida,Berrada,saida.berrada@gmail.com,+212648449781,"806, Rue 78, Bourgogne, Casablanca, Maroc",1981-04-13,True,F,Pharmacien,2025-02-10 19:46:53
454,Mouna,Benmoussa,mouna.benmoussa@gmail.com,+212690442884,"389, Rue 71, Val Fleuri, Tanger, Maroc",1993-10-01,True,F,Architecte,2025-02-10 19:46:53
455,Kawtar,Berrada,kawtar.berrada@outlook.com,+212643015762,"521, Rue 84, Malabata, Tanger, Maroc",1992-10-31,True,F,Ingénieur,2025-02-10 19:46:53
456,Mehdi,El Ouazzani,mehdi.elouazzani@yahoo.fr,+212754742005,"476, Rue 94, Ben M'Sick, Casablanca, Maroc",1976-05-11,True,M,Banquier,2025-02-10 19:46:53
457,Ghita,Benmoussa,ghita.benmoussa@hotmail.com,+212731273052,"424, Rue 53, Zouagha, Fes, Maroc",1984-08-02,True,F,Professeur,2025-02-10 19:46:53
458,Safae,El Badaoui,safae.elbadaoui@gmail.com,+212693808105,"489, Rue 93, Atlas, Fes, Maroc",1987-06-21,True,F,Pharmacien,2025-02-10 19:46:53
459,Yahya,El Kabbaj,yahya.elkabbaj@hotmail.com,+212663575777,"890, Rue 58, Founty, Agadir, Maroc",2003-01-28,True,M,Architecte,2025-02-10 19:46:53
460,Samira,El Kabbaj,samira.elkabbaj@outlook.com,+212653731307,"915, Rue 73, Hassan, Rabat, Maroc",1955-11-16,True,F,Journaliste,2025-02-10 19:46:53
461,Redouane,Benhaddou,redouane.benhaddou@outlook.com,+212695731741,"922, Rue 30, Anfa, Casablanca, Maroc",1977-08-29,True,M,Commercial,2025-02-10 19:46:53
462,Abdelkader,El Alami,abdelkader.elalami@gmail.com,+212727805451,"632, Rue 22, Ain Diab, Casablanca, Maroc",1973-09-01,True,M,Professeur,2025-02-10 19:46:53
463,Nabila,Bennasser,nabila.bennasser@yahoo.fr,+212697718280,"630, Rue 30, Dakhla, Agadir, Maroc",1985-12-25,True,F,Consultant,2025-02-10 19:46:53
464,Kawtar,Benchekroun,kawtar.benchekroun@hotmail.com,+212736681793,"80, Rue 1, Médina, Marrakech, Maroc",1978-12-08,True,F,Responsable RH,2025-02-10 19:46:53
465,Bouchra,Bennasser,bouchra.bennasser@hotmail.com,+212795452004,"238, Rue 22, Founty, Agadir, Maroc",1984-09-24,True,F,Dentiste,2025-02-10 19:46:53
466,Oumaima,El Ghazi,oumaima.elghazi@gmail.com,+212657960884,"640, Rue 3, Médina, Tanger, Maroc",1996-02-01,True,F,Designer,2025-02-10 19:46:53
467,Rim,El Filali,rim.elfilali@gmail.com,+212671595484,"168, Rue 29, Malabata, Tanger, Maroc",1996-05-24,True,F,Avocat,2025-02-10 19:46:53
468,Zahra,El Badaoui,zahra.elbadaoui@hotmail.com,+212786573987,"723, Rue 93, Malabata, Tanger, Maroc",1987-08-09,True,F,Journaliste,2025-02-10 19:46:53
469,Badr,El Fathi,badr.elfathi@outlook.com,+212785714670,"599, Rue 20, Marchane, Tanger, Maroc",1972-06-11,True,M,Développeur,2025-02-10 19:46:53
470,Siham,Benkirane,siham.benkirane@hotmail.com,+212757466146,"29, Rue 47, Aviation, Rabat, Maroc",1961-06-13,True,F,Chef d'Entreprise,2025-02-10 19:46:53
471,Latifa,Tahiri,latifa.tahiri@hotmail.com,+212736681562,"524, Rue 46, Les Orangers, Rabat, Maroc",1989-05-23,True,F,Technicien,2025-02-10 19:46:53
472,Hamza,Alaoui,hamza.alaoui@yahoo.fr,+212635433995,"347, Rue 45, California, Tanger, Maroc",1995-12-24,True,M,Chef d'Entreprise,2025-02-10 19:46:53
473,Nabila,El Jabri,nabila.eljabri@gmail.com,+212776082421,"337, Rue 68, Val Fleuri, Tanger, Maroc",1972-07-29,True,F,Avocat,2025-02-10 19:46:53
474,Khalid,El Fathi,khalid.elfathi@outlook.com,+212714495496,"963, Rue 21, Bensouda, Fes, Maroc",1981-02-14,True,M,Enseignant,2025-02-10 19:46:53
475,Soufiane,El Kadiri,soufiane.elkadiri@yahoo.fr,+212617182389,"674, Rue 89, Saiss, Fes, Maroc",1974-08-24,True,M,Développeur,2025-02-10 19:46:53
476,Nadia,Benmoussa,nadia.benmoussa@hotmail.com,+212643201547,"628, Rue 46, Saiss, Fes, Maroc",1990-11-26,True,F,Enseignant,2025-02-10 19:46:53
477,Aziz,Idrissi,aziz.idrissi@hotmail.com,+212628848021,"478, Rue 12, Médina, Fes, Maroc",2004-04-08,True,M,Gestionnaire,2025-02-10 19:46:53
478,Nabila,Lahlou,nabila.lahlou@gmail.com,+212627603583,"481, Rue 77, Sidi Bernoussi, Casablanca, Maroc",1990-10-11,True,F,Responsable RH,2025-02-10 19:46:53
479,Wafa,Bouhassoun,wafa.bouhassoun@gmail.com,+212667377593,"839, Rue 63, Hassan, Rabat, Maroc",1990-10-17,True,F,Chef de Projet,2025-02-10 19:46:53
480,Younes,El Othmani,younes.elothmani@outlook.com,+212646951937,"219, Rue 64, Malabata, Tanger, Maroc",1957-02-19,True,M,Ingénieur,2025-02-10 19:46:53
481,Amal,El Kadiri,amal.elkadiri@hotmail.com,+212659885562,"178, Rue 66, Al Fida, Casablanca, Maroc",2000-06-29,True,F,Comptable,2025-02-10 19:46:53
482,Adam,Lazrak,adam.lazrak@yahoo.fr,+212664951979,"689, Rue 15, Taddart, Agadir, Maroc",1963-01-21,True,M,Analyste Financier,2025-02-10 19:46:53
483,Oumaima,El Kabbaj,oumaima.elkabbaj@yahoo.fr,+212749275647,"670, Rue 15, Saiss, Fes, Maroc",1982-04-13,True,F,Chef de Projet,2025-02-10 19:46:53
484,Tarik,Tazi,tarik.tazi@yahoo.fr,+212765749296,"300, Rue 67, Atlas, Fes, Maroc",1981-12-03,True,M,Designer,2025-02-10 19:46:53
485,Nabil,Benali,nabil.benali@outlook.com,+212735279783,"854, Rue 42, Zouagha, Fes, Maroc",2001-12-14,True,M,Avocat,2025-02-10 19:46:53
486,Ilyas,Raji,ilyas.raji@yahoo.fr,+212639125746,"852, Rue 42, Palmeraie, Marrakech, Maroc",1980-09-26,True,M,Consultant,2025-02-10 19:46:53
487,Ahmed,Benkirane,ahmed.benkirane@gmail.com,+212734091762,"888, Rue 76, Hay Riad, Rabat, Maroc",1965-06-18,True,M,Ingénieur,2025-02-10 19:46:53
488,Walid,El Idrissi,walid.elidrissi@gmail.com,+212770535912,"29, Rue 2, Narjiss, Fes, Maroc",1969-03-18,True,M,Journaliste,2025-02-10 19:46:53
489,Nabila,El Ghazi,nabila.elghazi@outlook.com,+212692252014,"988, Rue 90, Palmeraie, Marrakech, Maroc",1995-05-05,True,F,Médecin,2025-02-10 19:46:53
490,Maha,Chaoui,maha.chaoui@gmail.com,+212742792403,"274, Rue 35, Agdal, Fes, Maroc",1966-10-06,True,F,Médecin,2025-02-10 19:46:53
491,Houda,El Filali,houda.elfilali@yahoo.fr,+212642087664,"269, Rue 53, Yacoub El Mansour, Rabat, Maroc",1991-03-12,True,F,Directeur Commercial,2025-02-10 19:46:53
492,Taha,Bennasser,taha.bennasser@hotmail.com,+212630623395,"740, Rue 66, Les Orangers, Rabat, Maroc",2003-10-21,True,M,Entrepreneur,2025-02-10 19:46:53
493,Youssef,El Othmani,youssef.elothmani@gmail.com,+212780110537,"577, Rue 30, Akkari, Rabat, Maroc",2005-03-20,True,M,Pharmacien,2025-02-10 19:46:53
494,Redouane,Bennis,redouane.bennis@yahoo.fr,+212767789398,"310, Rue 81, Narjiss, Fes, Maroc",1991-03-14,True,M,Chef d'Entreprise,2025-02-10 19:46:53
495,Najat,El Kabbaj,najat.elkabbaj@yahoo.fr,+212665747623,"107, Rue 39, Malabata, Tanger, Maroc",1987-12-24,True,F,Professeur,2025-02-10 19:46:53
496,Imane,Alaoui,imane.alaoui@outlook.com,+212646664934,"199, Rue 72, Bensouda, Fes, Maroc",1997-05-23,True,F,Analyste Financier,2025-02-10 19:46:53
497,Najat,El Kabbaj,najat.elkabbaj@hotmail.com,+212658663753,"569, Rue 63, Val Fleuri, Tanger, Maroc",1970-04-03,True,F,Journaliste,2025-02-10 19:46:53
498,Adam,Belyamani,adam.belyamani@yahoo.fr,+212656141813,"187, Rue 83, Maarif, Casablanca, Maroc",1957-12-23,True,M,Commercial,2025-02-10 19:46:53
499,Lamia,Lamrani,lamia.lamrani@hotmail.com,+212619097622,"466, Rue 96, Akkari, Rabat, Maroc",1978-12-25,True,F,Dentiste,2025-02-10 19:46:53
500,Jalal,Lamrani,jalal.lamrani@yahoo.fr,+212672084263,"871, Rue 49, Marchane, Tanger, Maroc",1987-10-21,True,M,Ingénieur,2025-02-10 19:46:53
501,Othmane,El Omari,othmane.elomari@yahoo.fr,+212647017096,"575, Rue 6, Hassan, Rabat, Maroc",1997-06-11,True,M,Enseignant,2025-02-10 19:46:53
502,Jamila,Belhaj,jamila.belhaj@outlook.com,+212643004719,"858, Rue 85, Massira, Marrakech, Maroc",1991-05-16,True,F,Professeur,2025-02-10 19:46:53
503,Houda,Bahri,houda.bahri@gmail.com,+212757360535,"78, Rue 76, Taddart, Agadir, Maroc",1973-04-14,True,F,Directeur Commercial,2025-02-10 19:46:53
504,Amina,El Mokri,amina.elmokri@outlook.com,+212714195461,"668, Rue 91, Charaf, Agadir, Maroc",1990-05-02,True,F,Gestionnaire,2025-02-10 19:46:53
505,Hiba,El Ouazzani,hiba.elouazzani@outlook.com,+212615733322,"142, Rue 14, Anfa, Casablanca, Maroc",1976-07-18,True,F,Banquier,2025-02-10 19:46:53
506,Rachid,El Othmani,rachid.elothmani@gmail.com,+212714691247,"928, Rue 36, Médina, Rabat, Maroc",1973-04-10,True,M,Enseignant,2025-02-10 19:46:53
507,Khadija,Benslimane,khadija.benslimane@outlook.com,+212625766445,"248, Rue 59, Narjiss, Fes, Maroc",1975-11-30,True,F,Designer,2025-02-10 19:46:53
508,Chakib,El Guerrouj,chakib.elguerrouj@yahoo.fr,+212669460346,"970, Rue 20, Targa, Marrakech, Maroc",2004-04-29,True,M,Dentiste,2025-02-10 19:46:53
509,Bouchra,Benhaddou,bouchra.benhaddou@yahoo.fr,+212788700506,"688, Rue 56, Médina, Tanger, Maroc",1967-12-22,True,F,Professeur,2025-02-10 19:46:53
510,Jihane,El Othmani,jihane.elothmani@outlook.com,+212762639360,"372, Rue 39, Taddart, Agadir, Maroc",1999-10-06,True,F,Comptable,2025-02-10 19:46:53
511,Farah,Belghiti,farah.belghiti@outlook.com,+212670803009,"840, Rue 85, Saiss, Fes, Maroc",1976-12-10,True,F,Médecin,2025-02-10 19:46:53
512,Fatima-Zahra,Bennasser,fatima-zahra.bennasser@hotmail.com,+212610020636,"466, Rue 46, Zouagha, Fes, Maroc",1961-07-05,True,F,Analyste Financier,2025-02-10 19:46:53
513,Soufiane,Bouzoubaa,soufiane.bouzoubaa@yahoo.fr,+212646715240,"158, Rue 10, Hivernage, Marrakech, Maroc",1976-12-31,True,M,Journaliste,2025-02-10 19:46:53
514,Dalal,Bouhassoun,dalal.bouhassoun@yahoo.fr,+212795196165,"763, Rue 55, Centre Ville, Agadir, Maroc",1971-01-21,True,F,Technicien,2025-02-10 19:46:53
515,Amine,Tahiri,amine.tahiri@outlook.com,+212695891246,"132, Rue 42, Malabata, Tanger, Maroc",1982-06-04,True,M,Architecte,2025-02-10 19:46:53
516,Loubna,El Malki,loubna.elmalki@outlook.com,+212733256274,"853, Rue 68, Saiss, Fes, Maroc",1961-04-17,True,F,Analyste Financier,2025-02-10 19:46:53
517,Mustapha,Raji,mustapha.raji@gmail.com,+212649822685,"535, Rue 64, Ben M'Sick, Casablanca, Maroc",1995-04-06,True,M,Technicien,2025-02-10 19:46:53
518,Nissrine,Benali,nissrine.benali@outlook.com,+212691206378,"898, Rue 73, Médina, Rabat, Maroc",1959-01-30,True,F,Avocat,2025-02-10 19:46:53
519,Bilal,Boukricha,bilal.boukricha@outlook.com,+212745740948,"860, Rue 16, Narjiss, Fes, Maroc",1961-01-31,True,M,Banquier,2025-02-10 19:46:53
520,Aziz,Benjelloun,aziz.benjelloun@gmail.com,+212776739529,"549, Rue 100, Médina, Rabat, Maroc",2002-05-22,True,M,Développeur,2025-02-10 19:46:53
521,Nissrine,El Fathi,nissrine.elfathi@yahoo.fr,+212763301499,"786, Rue 52, Médina, Tanger, Maroc",1967-01-31,True,F,Dentiste,2025-02-10 19:46:53
522,Malik,El Guerrouj,malik.elguerrouj@outlook.com,+212614767117,"331, Rue 62, Dakhla, Agadir, Maroc",1960-07-06,True,M,Enseignant,2025-02-10 19:46:53
523,Salim,Benhaddou,salim.benhaddou@yahoo.fr,+212658087051,"269, Rue 17, Ain Sebaa, Casablanca, Maroc",1992-11-30,True,M,Analyste Financier,2025-02-10 19:46:53
524,Ali,Benkirane,ali.benkirane@outlook.com,+212767896150,"708, Rue 11, Guéliz, Marrakech, Maroc",1988-11-06,True,M,Architecte,2025-02-10 19:46:53
525,Ihsane,El Ouazzani,ihsane.elouazzani@outlook.com,+212648922676,"899, Rue 37, Talborjt, Agadir, Maroc",1972-05-12,True,F,Banquier,2025-02-10 19:46:53
526,Elias,Lazrak,elias.lazrak@hotmail.com,+212659142743,"795, Rue 90, Bourgogne, Casablanca, Maroc",1979-07-14,True,M,Journaliste,2025-02-10 19:46:53
527,Amina,Berrada,amina.berrada@gmail.com,+212784780434,"970, Rue 34, Bensouda, Fes, Maroc",1990-12-16,True,F,Commercial,2025-02-10 19:46:53
528,Bilal,Chraibi,bilal.chraibi@outlook.com,+212786536100,"944, Rue 72, Hassan, Rabat, Maroc",1984-08-05,True,M,Responsable RH,2025-02-10 19:46:53
529,Ikram,Alaoui,ikram.alaoui@outlook.com,+212673418336,"361, Rue 97, Hay Riad, Rabat, Maroc",1979-10-19,True,F,Architecte,2025-02-10 19:46:53
530,Fatiha,Alaoui,fatiha.alaoui@hotmail.com,+212771129387,"542, Rue 70, Agdal, Rabat, Maroc",1965-07-26,True,F,Commercial,2025-02-10 19:46:53
531,Said,Berrada,said.berrada@hotmail.com,+212641130437,"767, Rue 24, Targa, Marrakech, Maroc",1960-04-14,True,M,Médecin,2025-02-10 19:46:53
532,Karim,El Jabri,karim.eljabri@yahoo.fr,+212790563276,"146, Rue 23, Al Fida, Casablanca, Maroc",1961-01-04,True,M,Analyste Financier,2025-02-10 19:46:53
533,Nora,Bouhassoun,nora.bouhassoun@outlook.com,+212694925792,"885, Rue 9, Hay Riad, Rabat, Maroc",2000-03-05,True,F,Dentiste,2025-02-10 19:46:53
534,Amal,El Filali,amal.elfilali@gmail.com,+212728972898,"503, Rue 53, Val Fleuri, Tanger, Maroc",1966-07-29,True,F,Technicien,2025-02-10 19:46:53
535,Jamila,Chraibi,jamila.chraibi@gmail.com,+212613962419,"11, Rue 27, Anfa, Casablanca, Maroc",2002-11-14,True,F,Analyste Financier,2025-02-10 19:46:53
536,Othmane,El Malki,othmane.elmalki@hotmail.com,+212628952101,"440, Rue 3, Bourgogne, Casablanca, Maroc",1978-01-21,True,M,Avocat,2025-02-10 19:46:53
537,Jamila,El Ouazzani,jamila.elouazzani@gmail.com,+212742230288,"71, Rue 89, Hivernage, Marrakech, Maroc",2006-06-07,True,F,Directeur Commercial,2025-02-10 19:46:53
538,Hiba,Tahiri,hiba.tahiri@yahoo.fr,+212744021359,"232, Rue 90, Malabata, Tanger, Maroc",1964-03-05,True,F,Consultant,2025-02-10 19:46:53
539,Fatima,El Amrani,fatima.elamrani@gmail.com,+212764605751,"38, Rue 3, Taddart, Agadir, Maroc",1961-09-25,True,F,Chef de Projet,2025-02-10 19:46:53
540,Ibrahim,El Khattabi,ibrahim.elkhattabi@gmail.com,+212778828839,"736, Rue 2, Zouagha, Fes, Maroc",1986-04-18,True,M,Médecin,2025-02-10 19:46:53
541,Amal,El Badaoui,amal.elbadaoui@gmail.com,+212644191833,"848, Rue 93, Agdal, Rabat, Maroc",1986-07-12,True,F,Gestionnaire,2025-02-10 19:46:53
542,Lamia,El Hassani,lamia.elhassani@gmail.com,+212654792534,"95, Rue 88, Taddart, Agadir, Maroc",1963-02-23,True,F,Chef de Projet,2025-02-10 19:46:53
543,Abderrahman,Benmoussa,abderrahman.benmoussa@gmail.com,+212776301349,"477, Rue 40, Bourgogne, Casablanca, Maroc",1962-05-19,True,M,Journaliste,2025-02-10 19:46:53
544,Youssef,El Amrani,youssef.elamrani@outlook.com,+212617039739,"494, Rue 61, Talborjt, Agadir, Maroc",1988-11-15,True,M,Gestionnaire,2025-02-10 19:46:53
545,Kawtar,Alaoui,kawtar.alaoui@gmail.com,+212714342400,"663, Rue 43, California, Tanger, Maroc",1962-01-01,True,F,Technicien,2025-02-10 19:46:53
546,Safae,El Kadiri,safae.elkadiri@outlook.com,+212760103964,"131, Rue 18, Al Fida, Casablanca, Maroc",1985-04-18,True,F,Comptable,2025-02-10 19:46:53
547,Elias,El Filali,elias.elfilali@hotmail.com,+212712832444,"243, Rue 70, Palmeraie, Marrakech, Maroc",1968-05-31,True,M,Professeur,2025-02-10 19:46:53
548,Salma,El Khattabi,salma.elkhattabi@yahoo.fr,+212610705454,"335, Rue 15, Diour Jamaa, Rabat, Maroc",1989-02-21,True,F,Enseignant,2025-02-10 19:46:53
549,Khadija,Benali,khadija.benali@yahoo.fr,+212699151248,"27, Rue 4, Ville Nouvelle, Fes, Maroc",1966-07-13,True,F,Entrepreneur,2025-02-10 19:46:53
550,Khadija,El Amiri,khadija.elamiri@gmail.com,+212677123739,"285, Rue 35, Ben M'Sick, Casablanca, Maroc",1976-10-11,True,F,Consultant,2025-02-10 19:46:53
551,Hayat,El Fathi,hayat.elfathi@gmail.com,+212748729214,"113, Rue 26, Dakhla, Agadir, Maroc",2004-10-26,True,F,Professeur,2025-02-10 19:46:53
552,Dounia,Belghiti,dounia.belghiti@gmail.com,+212621451342,"926, Rue 65, Saiss, Fes, Maroc",1965-11-02,True,F,Chef de Projet,2025-02-10 19:46:53
553,Bouchra,Chraibi,bouchra.chraibi@gmail.com,+212746034836,"962, Rue 48, Bourgogne, Casablanca, Maroc",1988-06-05,True,F,Chef d'Entreprise,2025-02-10 19:46:53
554,Tarik,Bouhassoun,tarik.bouhassoun@hotmail.com,+212785519983,"330, Rue 28, Aviation, Rabat, Maroc",1979-02-13,True,M,Chef de Projet,2025-02-10 19:46:53
555,Adil,Fassi,adil.fassi@gmail.com,+212662868605,"161, Rue 91, Agdal, Fes, Maroc",1999-11-08,True,M,Designer,2025-02-10 19:46:53
556,Hajar,Belkadi,hajar.belkadi@yahoo.fr,+212745926267,"632, Rue 70, Bensouda, Fes, Maroc",1967-06-27,True,F,Commercial,2025-02-10 19:46:53
557,Mohamed,Idrissi,mohamed.idrissi@hotmail.com,+212640607295,"28, Rue 9, Iberia, Tanger, Maroc",1982-01-07,True,M,Pharmacien,2025-02-10 19:46:53
558,Younes,El Fathi,younes.elfathi@hotmail.com,+212774082567,"158, Rue 67, Dakhla, Agadir, Maroc",2003-02-25,True,M,Dentiste,2025-02-10 19:46:53
559,Meryem,Benslimane,meryem.benslimane@gmail.com,+212689827122,"664, Rue 91, Hay Riad, Rabat, Maroc",1991-05-31,True,F,Entrepreneur,2025-02-10 19:46:53
560,Rachida,Berrada,rachida.berrada@hotmail.com,+212621600523,"212, Rue 32, Guéliz, Marrakech, Maroc",1964-01-15,True,F,Responsable RH,2025-02-10 19:46:53
561,Mohsin,El Hassani,mohsin.elhassani@outlook.com,+212635592253,"727, Rue 13, Founty, Agadir, Maroc",1981-06-22,True,M,Professeur,2025-02-10 19:46:53
562,Abdelhak,Bouhassoun,abdelhak.bouhassoun@yahoo.fr,+212767170543,"178, Rue 76, Agdal, Rabat, Maroc",1986-09-10,True,M,Journaliste,2025-02-10 19:46:53
563,Hicham,Benzakour,hicham.benzakour@yahoo.fr,+212725298743,"80, Rue 31, Médina, Marrakech, Maroc",1986-09-04,True,M,Responsable RH,2025-02-10 19:46:53
564,Hasna,El Amrani,hasna.elamrani@outlook.com,+212791954679,"187, Rue 19, Zouagha, Fes, Maroc",2001-01-09,True,F,Gestionnaire,2025-02-10 19:46:53
565,Nabila,El Ouazzani,nabila.elouazzani@yahoo.fr,+212638249662,"778, Rue 97, Ain Sebaa, Casablanca, Maroc",1977-05-10,True,F,Designer,2025-02-10 19:46:53
566,Samir,El Badaoui,samir.elbadaoui504@gmail.com,+212679890492,"632, Rue 11, Ville Nouvelle, Fes, Maroc",1960-03-13,True,M,Directeur Commercial,2025-02-10 19:46:53
567,Anas,El Filali,anas.elfilali@yahoo.fr,+212612392219,"687, Rue 42, Maarif, Casablanca, Maroc",1971-09-21,True,M,Analyste Financier,2025-02-10 19:46:53
568,Majda,Belghiti,majda.belghiti@outlook.com,+212638343544,"970, Rue 1, Talborjt, Agadir, Maroc",1994-11-23,True,F,Gestionnaire,2025-02-10 19:46:53
569,Khalid,Boukricha,khalid.boukricha@hotmail.com,+212687055945,"217, Rue 24, Dakhla, Agadir, Maroc",2003-04-30,True,M,Comptable,2025-02-10 19:46:53
570,Youssef,Bahri,youssef.bahri747@gmail.com,+212745492633,"542, Rue 88, Marchane, Tanger, Maroc",1959-02-03,True,M,Banquier,2025-02-10 19:46:53
571,Karim,Benali,karim.benali@outlook.com,+212714598439,"189, Rue 90, Aviation, Rabat, Maroc",1966-01-25,True,M,Responsable RH,2025-02-10 19:46:53
572,Mehdi,El Malki,mehdi.elmalki@gmail.com,+212719968644,"370, Rue 90, Centre Ville, Agadir, Maroc",1989-03-16,True,M,Ingénieur,2025-02-10 19:46:53
573,Bouchra,Ghazali,bouchra.ghazali@hotmail.com,+212650084359,"550, Rue 36, Malabata, Tanger, Maroc",2003-08-05,True,F,Designer,2025-02-10 19:46:53
574,Souad,El Harrak,souad.elharrak@hotmail.com,+212773861455,"147, Rue 31, California, Tanger, Maroc",1973-08-22,True,F,Journaliste,2025-02-10 19:46:53
575,Driss,Benslimane,driss.benslimane@outlook.com,+212654035792,"740, Rue 65, Dakhla, Agadir, Maroc",1991-12-29,True,M,Commercial,2025-02-10 19:46:53
576,Sara,Bouzoubaa,sara.bouzoubaa@yahoo.fr,+212684812998,"1, Rue 1, Hassan, Rabat, Maroc",2004-09-16,True,F,Banquier,2025-02-10 19:46:53
577,Fatima-Zahra,Bouzoubaa,fatima-zahra.bouzoubaa@yahoo.fr,+212718905599,"896, Rue 8, Charaf, Agadir, Maroc",1980-05-30,True,F,Gestionnaire,2025-02-10 19:46:53
578,Abdellah,Belhaj,abdellah.belhaj@yahoo.fr,+212645203492,"284, Rue 40, Médina, Fes, Maroc",2006-01-19,True,M,Avocat,2025-02-10 19:46:53
579,Marouane,Tazi,marouane.tazi@gmail.com,+212693534390,"746, Rue 68, Taddart, Agadir, Maroc",1995-09-03,True,M,Médecin,2025-02-10 19:46:53
580,Abderrahman,Chaoui,abderrahman.chaoui@hotmail.com,+212712617325,"388, Rue 54, Akkari, Rabat, Maroc",1962-06-10,True,M,Gestionnaire,2025-02-10 19:46:53
581,Mehdi,El Omari,mehdi.elomari@gmail.com,+212636638937,"880, Rue 75, Targa, Marrakech, Maroc",1977-03-07,True,M,Médecin,2025-02-10 19:46:53
582,Abdelali,El Jabri,abdelali.eljabri@yahoo.fr,+212785652768,"646, Rue 5, Médina, Tanger, Maroc",1989-12-08,True,M,Ingénieur,2025-02-10 19:46:53
583,Zouhair,El Filali,zouhair.elfilali@gmail.com,+212614095664,"685, Rue 10, Médina, Tanger, Maroc",1965-08-30,True,M,Professeur,2025-02-10 19:46:53
584,Najat,Bouzoubaa,najat.bouzoubaa@yahoo.fr,+212642977882,"347, Rue 18, Sidi Belyout, Casablanca, Maroc",1972-10-22,True,F,Designer,2025-02-10 19:46:53
585,Said,Ghazali,said.ghazali@gmail.com,+212619292621,"34, Rue 68, Hivernage, Marrakech, Maroc",1996-04-15,True,M,Commercial,2025-02-10 19:46:53
586,Abdelali,Cherkaoui,abdelali.cherkaoui@yahoo.fr,+212657496497,"304, Rue 4, Malabata, Tanger, Maroc",1995-10-29,True,M,Journaliste,2025-02-10 19:46:53
587,Zahra,Chraibi,zahra.chraibi@yahoo.fr,+212777919028,"854, Rue 36, Aviation, Rabat, Maroc",1982-10-10,True,F,Architecte,2025-02-10 19:46:53
588,Walid,Belhaj,walid.belhaj@gmail.com,+212781301934,"654, Rue 89, Guéliz, Marrakech, Maroc",2006-12-21,True,M,Directeur Commercial,2025-02-10 19:46:53
589,Hakim,Benali,hakim.benali@yahoo.fr,+212656234808,"118, Rue 61, Médina, Rabat, Maroc",1994-07-24,True,M,Avocat,2025-02-10 19:46:53
590,Naima,El Khattabi,naima.elkhattabi@outlook.com,+212714241828,"515, Rue 94, Saiss, Fes, Maroc",1960-08-16,True,F,Responsable RH,2025-02-10 19:46:53
591,Hassan,Tazi,hassan.tazi@yahoo.fr,+212771458103,"387, Rue 4, Bourgogne, Casablanca, Maroc",1959-02-11,True,M,Pharmacien,2025-02-10 19:46:53
592,Fouad,Bouhassoun,fouad.bouhassoun@hotmail.com,+212792701204,"264, Rue 35, Taddart, Agadir, Maroc",1978-09-07,True,M,Commercial,2025-02-10 19:46:53
593,Ali,Alaoui,ali.alaoui728@yahoo.fr,+212798852042,"313, Rue 22, Targa, Marrakech, Maroc",1966-07-12,True,M,Architecte,2025-02-10 19:46:53
594,Oumaima,Chraibi,oumaima.chraibi@yahoo.fr,+212796651225,"754, Rue 29, Marchane, Tanger, Maroc",1987-05-31,True,F,Analyste Financier,2025-02-10 19:46:53
595,Anas,Benali,anas.benali@yahoo.fr,+212778421869,"74, Rue 26, Diour Jamaa, Rabat, Maroc",1969-07-12,True,M,Chef d'Entreprise,2025-02-10 19:46:53
596,Noura,El Jabri,noura.eljabri@gmail.com,+212699035227,"539, Rue 63, Marchane, Tanger, Maroc",1977-04-06,True,F,Banquier,2025-02-10 19:46:53
597,Driss,Bennis,driss.bennis@gmail.com,+212717696164,"574, Rue 75, Charaf, Agadir, Maroc",1981-07-08,True,M,Médecin,2025-02-10 19:46:53
598,Ghita,Ziani,ghita.ziani@outlook.com,+212678269211,"251, Rue 31, Centre Ville, Agadir, Maroc",1977-12-16,True,F,Designer,2025-02-10 19:46:53
599,Dalal,El Jabri,dalal.eljabri@gmail.com,+212740972074,"770, Rue 31, Centre Ville, Agadir, Maroc",1970-02-05,True,F,Directeur Commercial,2025-02-10 19:46:53
600,Mehdi,El Alami,mehdi.elalami@gmail.com,+212722652890,"208, Rue 100, Charaf, Agadir, Maroc",1961-05-17,True,M,Professeur,2025-02-10 19:46:53
